Date,PE,PB,DivYield
2021-09-17,31.65,3.25,1.19
2021-09-20,24.86,2.95,0.98
2021-09-21,27.24,3.12,1.06
2021-09-22,24.92,3.68,1.42
2021-09-23,30.8,2.93,0.95
2021-09-24,13.94,3.4,1.24
2021-09-27,19.07,2.6,1.39
2021-09-28,20.69,3.78,1.27
2021-09-29,20.31,2.76,1.26
2021-09-30,24.16,2.83,1.01
2021-10-01,28.55,3.98,1.27
2021-10-04,27.65,3.23,1.32
2021-10-05,31.18,3.52,1.15
2021-10-06,30.56,3.24,1.16
2021-10-07,33.23,2.79,1.18
2021-10-08,24.94,3.14,0.96
2021-10-11,24.57,2.89,1.32
2021-10-12,30.92,2.71,0.97
2021-10-13,24.47,2.92,1.05
2021-10-14,18.55,3.19,1.39
2021-10-15,28.91,3.2,1.39
2021-10-18,18.01,3.1,1.29
2021-10-19,31.62,3.22,1.29
2021-10-20,23.39,3.84,1.22
2021-10-21,33.11,2.97,1.35
2021-10-22,23.66,3.38,1.47
2021-10-25,30.88,4.16,1.39
2021-10-26,29.18,3.02,0.83
2021-10-27,29.43,2.12,1.36
2021-10-28,25.51,3.98,1.43
2021-10-29,30.37,3.21,1.41
2021-11-01,32.07,3.07,1.22
2021-11-02,26.68,3.22,1.4
2021-11-03,21.01,2.9,0.98
2021-11-04,22.64,3.38,0.63
2021-11-05,29.88,2.32,1.46
2021-11-08,24.0,3.65,0.99
2021-11-09,21.72,3.87,1.36
2021-11-10,33.67,3.31,1.3
2021-11-11,28.49,4.46,0.99
2021-11-12,19.62,3.47,1.68
2021-11-15,36.05,3.33,1.33
2021-11-16,28.88,2.68,1.33
2021-11-17,33.27,2.58,1.2
2021-11-18,30.28,3.22,1.77
2021-11-19,28.48,3.24,1.0
2021-11-22,21.35,4.88,0.91
2021-11-23,25.82,2.28,1.2
2021-11-24,17.3,3.66,1.2
2021-11-25,21.71,3.53,1.11
2021-11-26,27.71,2.41,1.48
2021-11-29,29.12,3.45,1.04
2021-11-30,22.72,3.47,1.14
2021-12-01,25.53,3.48,1.5
2021-12-02,26.13,2.73,1.31
2021-12-03,23.86,2.88,1.32
2021-12-06,22.59,2.76,0.98
2021-12-07,22.17,3.19,1.02
2021-12-08,21.84,3.31,1.29
2021-12-09,22.18,2.99,0.86
2021-12-10,25.02,2.71,1.81
2021-12-13,31.82,3.71,1.2
2021-12-14,33.37,3.37,1.24
2021-12-15,20.12,3.32,1.07
2021-12-16,28.39,3.58,0.92
2021-12-17,27.29,2.38,0.42
2021-12-20,22.03,3.64,1.26
2021-12-21,22.71,2.99,1.41
2021-12-22,26.32,3.4,1.19
2021-12-23,20.96,4.02,1.66
2021-12-24,22.71,2.23,1.49
2021-12-27,29.69,3.51,0.69
2021-12-28,27.05,4.31,1.45
2021-12-29,26.36,3.78,1.95
2021-12-30,25.48,3.43,0.83
2021-12-31,21.43,3.16,1.39
2022-01-03,21.68,2.83,1.81
2022-01-04,22.88,3.27,1.31
2022-01-05,22.54,2.64,0.56
2022-01-06,26.91,3.82,1.04
2022-01-07,26.03,2.45,1.16
2022-01-10,23.84,3.25,0.69
2022-01-11,22.6,2.76,1.53
2022-01-12,31.06,4.01,1.21
2022-01-13,24.44,2.63,1.15
2022-01-14,18.56,2.52,1.07
2022-01-17,27.64,3.98,0.95
2022-01-18,24.75,3.26,1.82
2022-01-19,21.96,4.09,0.87
2022-01-20,19.22,3.15,1.02
2022-01-21,23.06,4.3,0.67
2022-01-24,27.95,2.01,0.95
2022-01-25,30.9,3.84,1.05
2022-01-26,21.05,3.57,1.1
2022-01-27,25.46,3.55,1.68
2022-01-28,22.89,2.32,1.92
2022-01-31,19.1,3.32,1.07
2022-02-01,21.37,4.16,1.19
2022-02-02,21.54,2.49,1.63
2022-02-03,22.21,2.82,1.32
2022-02-04,28.58,3.66,0.54
2022-02-07,28.84,4.35,1.25
2022-02-08,31.24,2.9,0.1
2022-02-09,25.8,3.02,1.03
2022-02-10,29.36,3.46,1.47
2022-02-11,22.83,3.29,1.27
2022-02-14,27.17,3.24,1.32
2022-02-15,27.0,2.97,1.18
2022-02-16,22.46,3.79,1.11
2022-02-17,22.39,3.93,0.95
2022-02-18,26.52,3.36,0.76
2022-02-21,24.08,3.05,1.37
2022-02-22,28.66,4.48,1.1
2022-02-23,22.94,2.95,1.32
2022-02-24,33.39,2.21,1.54
2022-02-25,29.51,3.46,1.42
2022-02-28,21.23,3.54,1.13
2022-03-01,18.68,4.3,0.6
2022-03-02,33.97,4.28,1.25
2022-03-03,21.2,3.38,0.82
2022-03-04,24.11,3.63,0.88
2022-03-07,22.15,2.7,0.79
2022-03-08,27.64,1.68,0.99
2022-03-09,17.62,4.02,0.9
2022-03-10,17.93,3.12,1.2
2022-03-11,20.87,1.79,1.23
2022-03-14,29.03,3.28,1.34
2022-03-15,25.11,3.61,0.66
2022-03-16,24.16,3.21,1.28
2022-03-17,25.73,3.33,1.69
2022-03-18,30.86,3.94,0.38
2022-03-21,36.07,3.02,1.19
2022-03-22,31.56,3.69,1.56
2022-03-23,17.2,3.13,1.15
2022-03-24,26.87,3.42,1.15
2022-03-25,30.57,2.86,0.85
2022-03-28,23.91,3.55,1.45
2022-03-29,20.7,2.93,1.63
2022-03-30,23.05,3.24,0.92
2022-03-31,25.01,3.81,0.98
2022-04-01,38.07,3.75,0.92
2022-04-04,26.89,2.8,1.92
2022-04-05,20.2,2.98,1.59
2022-04-06,31.4,3.34,1.59
2022-04-07,23.57,2.54,1.08
2022-04-08,27.13,2.96,1.44
2022-04-11,25.86,4.24,1.09
2022-04-12,25.78,3.51,1.2
2022-04-13,21.78,3.58,0.86
2022-04-14,26.06,4.2,1.31
2022-04-15,23.43,3.0,1.16
2022-04-18,29.0,3.54,0.97
2022-04-19,22.88,4.54,1.61
2022-04-20,30.26,3.85,1.2
2022-04-21,25.34,3.12,1.31
2022-04-22,26.36,3.66,1.26
2022-04-25,23.56,3.72,1.28
2022-04-26,22.12,3.43,1.34
2022-04-27,20.54,3.87,1.23
2022-04-28,30.64,2.95,1.34
2022-04-29,19.32,3.14,1.15
2022-05-02,30.5,4.78,1.6
2022-05-03,17.12,3.06,1.08
2022-05-04,21.24,4.46,1.61
2022-05-05,25.66,3.2,1.6
2022-05-06,31.69,4.58,1.44
2022-05-09,24.11,2.49,1.08
2022-05-10,27.03,4.05,0.84
2022-05-11,18.63,4.57,0.96
2022-05-12,24.03,3.3,1.22
2022-05-13,22.29,3.46,0.88
2022-05-16,24.4,2.99,1.23
2022-05-17,18.92,3.31,1.16
2022-05-18,22.66,3.69,0.98
2022-05-19,33.01,3.59,1.05
2022-05-20,25.62,3.02,0.82
2022-05-23,18.35,3.31,0.82
2022-05-24,29.01,3.98,1.34
2022-05-25,25.95,3.41,2.08
2022-05-26,24.05,3.12,0.85
2022-05-27,25.12,3.02,1.27
2022-05-30,23.29,4.2,1.43
2022-05-31,25.35,2.47,0.89
2022-06-01,22.42,3.29,1.11
2022-06-02,26.82,2.19,1.14
2022-06-03,22.52,4.32,1.2
2022-06-06,30.39,2.43,1.24
2022-06-07,23.65,2.33,0.99
2022-06-08,19.93,2.77,0.85
2022-06-09,32.3,3.31,1.5
2022-06-10,30.52,3.14,1.47
2022-06-13,22.39,2.44,0.94
2022-06-14,16.92,3.33,1.53
2022-06-15,21.97,2.5,1.48
2022-06-16,24.05,3.56,1.39
2022-06-17,24.38,3.03,1.01
2022-06-20,28.46,2.69,1.34
2022-06-21,38.59,3.06,1.66
2022-06-22,26.75,3.62,1.09
2022-06-23,20.72,3.47,1.1
2022-06-24,29.32,3.11,1.07
2022-06-27,20.56,2.3,1.25
2022-06-28,31.27,2.99,0.98
2022-06-29,26.56,2.89,0.96
2022-06-30,39.19,3.07,1.45
2022-07-01,26.27,3.7,1.07
2022-07-04,25.01,3.25,0.95
2022-07-05,20.43,2.69,1.6
2022-07-06,22.57,3.65,1.35
2022-07-07,24.05,2.58,0.78
2022-07-08,33.34,3.15,1.11
2022-07-11,21.78,2.55,1.84
2022-07-12,29.02,3.65,1.38
2022-07-13,25.31,2.36,1.39
2022-07-14,34.54,3.75,1.05
2022-07-15,22.27,3.6,1.49
2022-07-18,28.58,3.6,1.04
2022-07-19,21.2,2.82,2.01
2022-07-20,31.59,3.1,1.2
2022-07-21,25.82,2.81,1.16
2022-07-22,32.16,3.21,1.12
2022-07-25,31.44,3.03,0.57
2022-07-26,31.0,4.48,1.03
2022-07-27,21.62,4.29,1.61
2022-07-28,24.68,2.03,1.17
2022-07-29,24.36,3.31,1.22
2022-08-01,25.36,2.52,1.32
2022-08-02,26.93,3.21,0.87
2022-08-03,12.24,3.15,0.87
2022-08-04,23.14,3.64,0.72
2022-08-05,22.54,2.61,1.0
2022-08-08,14.94,2.22,0.72
2022-08-09,28.18,3.87,0.93
2022-08-10,26.3,3.22,1.15
2022-08-11,19.75,3.23,1.45
2022-08-12,24.38,2.99,0.64
2022-08-15,21.77,1.72,1.32
2022-08-16,27.77,3.14,1.6
2022-08-17,26.08,2.91,1.54
2022-08-18,25.32,2.53,1.05
2022-08-19,37.27,3.33,0.97
2022-08-22,29.35,3.73,1.16
2022-08-23,17.29,2.77,1.5
2022-08-24,22.28,3.51,0.73
2022-08-25,29.04,2.58,1.44
2022-08-26,26.72,3.36,1.59
2022-08-29,17.43,2.79,1.76
2022-08-30,34.44,3.78,1.35
2022-08-31,23.29,3.28,1.31
2022-09-01,30.42,3.91,0.69
2022-09-02,29.77,3.46,1.2
2022-09-05,24.73,2.07,1.29
2022-09-06,26.78,3.79,1.43
2022-09-07,34.52,4.16,0.88
2022-09-08,33.69,2.46,1.15
2022-09-09,28.73,2.82,1.68
2022-09-12,22.09,2.73,1.27
2022-09-13,28.75,1.5,0.92
2022-09-14,30.79,3.96,1.31
2022-09-15,16.74,2.72,0.96
2022-09-16,30.94,3.37,1.09
2022-09-19,25.05,2.09,1.58
2022-09-20,22.06,2.91,1.7
2022-09-21,16.18,2.53,1.37
2022-09-22,25.41,2.83,1.49
2022-09-23,27.84,3.81,1.36
2022-09-26,24.04,2.94,0.8
2022-09-27,29.77,2.98,1.36
2022-09-28,19.84,2.41,1.31
2022-09-29,23.55,3.33,0.91
2022-09-30,22.23,4.57,0.95
2022-10-03,23.85,3.39,0.87
2022-10-04,27.22,3.54,1.23
2022-10-05,29.04,4.02,1.38
2022-10-06,16.9,2.27,1.01
2022-10-07,34.91,2.97,0.75
2022-10-10,24.26,2.9,0.95
2022-10-11,25.37,2.37,1.2
2022-10-12,26.3,3.22,1.55
2022-10-13,24.61,1.99,1.54
2022-10-14,21.28,4.34,1.24
2022-10-17,28.13,3.42,0.94
2022-10-18,38.07,3.03,1.04
2022-10-19,24.91,4.96,1.8
2022-10-20,13.53,3.45,1.46
2022-10-21,25.96,3.08,1.21
2022-10-24,27.57,2.72,1.11
2022-10-25,24.47,3.97,1.19
2022-10-26,17.46,2.42,0.73
2022-10-27,22.9,3.7,1.03
2022-10-28,29.91,4.43,1.12
2022-10-31,23.32,3.9,1.83
2022-11-01,26.64,3.51,1.09
2022-11-02,21.76,3.04,1.01
2022-11-03,30.29,3.92,1.45
2022-11-04,17.14,3.82,1.14
2022-11-07,30.82,2.77,1.03
2022-11-08,25.38,3.42,1.44
2022-11-09,23.46,3.41,1.1
2022-11-10,25.1,2.29,1.55
2022-11-11,30.77,3.14,1.42
2022-11-14,14.4,2.74,0.59
2022-11-15,28.36,2.62,0.97
2022-11-16,27.03,3.76,1.67
2022-11-17,24.61,3.22,0.83
2022-11-18,17.27,2.81,1.4
2022-11-21,25.15,2.85,0.74
2022-11-22,14.05,3.33,0.82
2022-11-23,22.29,3.7,1.05
2022-11-24,21.41,3.25,1.55
2022-11-25,23.16,4.68,0.79
2022-11-28,20.47,3.63,1.05
2022-11-29,25.23,3.0,0.9
2022-11-30,31.02,3.23,1.13
2022-12-01,30.4,3.95,0.69
2022-12-02,24.64,3.09,1.41
2022-12-05,25.26,3.27,1.42
2022-12-06,28.3,2.67,1.55
2022-12-07,25.44,3.15,0.95
2022-12-08,22.13,3.25,1.22
2022-12-09,34.9,3.69,1.6
2022-12-12,21.79,4.16,1.15
2022-12-13,30.83,3.1,0.88
2022-12-14,25.53,3.48,1.37
2022-12-15,31.24,3.35,1.06
2022-12-16,28.49,2.59,1.52
2022-12-19,28.36,2.63,0.84
2022-12-20,31.6,3.01,1.14
2022-12-21,23.71,2.97,1.35
2022-12-22,20.35,2.93,1.4
2022-12-23,20.91,2.63,0.61
2022-12-26,16.88,3.2,1.42
2022-12-27,18.34,3.66,1.27
2022-12-28,24.1,2.81,1.62
2022-12-29,23.01,2.88,0.96
2022-12-30,27.35,3.49,1.07
2023-01-02,17.59,2.8,1.4
2023-01-03,22.38,3.55,1.41
2023-01-04,20.34,3.56,1.51
2023-01-05,28.56,4.01,0.55
2023-01-06,27.54,3.6,1.5
2023-01-09,23.05,3.99,1.3
2023-01-10,31.09,3.14,1.26
2023-01-11,34.54,2.77,1.04
2023-01-12,22.54,3.11,1.47
2023-01-13,33.6,3.69,0.99
2023-01-16,23.54,2.67,1.6
2023-01-17,31.72,2.73,0.37
2023-01-18,24.63,3.18,1.18
2023-01-19,24.16,3.3,0.92
2023-01-20,35.48,2.95,1.19
2023-01-23,27.0,3.39,1.34
2023-01-24,31.76,3.06,1.07
2023-01-25,25.18,2.89,0.92
2023-01-26,29.51,3.89,0.67
2023-01-27,30.06,2.23,1.06
2023-01-30,23.66,3.43,0.53
2023-01-31,20.46,2.43,1.69
2023-02-01,14.82,2.69,0.63
2023-02-02,24.21,4.01,1.03
2023-02-03,33.78,2.48,1.59
2023-02-06,35.28,2.86,1.18
2023-02-07,29.73,3.35,1.52
2023-02-08,26.17,3.07,1.09
2023-02-09,19.81,3.47,1.39
2023-02-10,25.37,2.58,1.31
2023-02-13,23.99,2.75,1.07
2023-02-14,28.37,2.19,1.43
2023-02-15,28.53,4.37,1.77
2023-02-16,15.98,3.48,0.97
2023-02-17,21.41,3.66,1.18
2023-02-20,31.98,2.65,1.04
2023-02-21,28.36,3.51,0.93
2023-02-22,19.2,3.09,1.26
2023-02-23,21.48,3.81,0.85
2023-02-24,22.03,3.94,1.01
2023-02-27,25.41,4.14,1.18
2023-02-28,27.32,2.41,1.92
2023-03-01,13.96,4.51,1.13
2023-03-02,17.36,3.43,1.35
2023-03-03,23.33,3.66,1.4
2023-03-06,24.66,3.63,1.32
2023-03-07,27.43,3.14,1.24
2023-03-08,27.8,3.44,1.07
2023-03-09,29.25,3.21,1.14
2023-03-10,32.33,3.96,1.0
2023-03-13,27.29,2.63,0.97
2023-03-14,24.22,3.1,1.53
2023-03-15,25.08,3.23,1.23
2023-03-16,29.92,2.8,1.31
2023-03-17,20.17,3.69,0.84
2023-03-20,18.9,3.32,1.59
2023-03-21,29.11,3.86,1.52
2023-03-22,29.14,3.31,1.38
2023-03-23,22.23,3.45,1.21
2023-03-24,18.62,3.13,0.82
2023-03-27,33.23,3.11,1.24
2023-03-28,23.35,3.06,1.21
2023-03-29,21.34,3.34,1.21
2023-03-30,23.14,2.54,0.99
2023-03-31,25.38,2.52,0.92
2023-04-03,28.11,3.62,1.45
2023-04-04,30.95,4.07,1.84
2023-04-05,27.63,3.25,0.89
2023-04-06,19.32,2.22,1.36
2023-04-07,26.89,2.98,1.34
2023-04-10,33.03,3.23,1.65
2023-04-11,22.01,2.65,1.45
2023-04-12,33.03,3.32,0.92
2023-04-13,25.9,2.82,1.06
2023-04-14,30.95,2.99,0.65
2023-04-17,19.21,4.11,1.14
2023-04-18,23.85,3.66,1.47
2023-04-19,27.07,3.43,1.4
2023-04-20,23.2,3.59,1.24
2023-04-21,22.0,3.95,1.11
2023-04-24,25.59,3.63,1.61
2023-04-25,25.3,3.04,1.14
2023-04-26,26.78,2.64,1.06
2023-04-27,20.95,3.44,1.2
2023-04-28,18.73,3.75,1.2
2023-05-01,18.75,3.92,0.93
2023-05-02,16.32,2.46,1.15
2023-05-03,20.17,3.49,0.97
2023-05-04,26.38,2.45,0.86
2023-05-05,23.57,4.26,1.25
2023-05-08,23.19,3.23,0.66
2023-05-09,36.17,3.56,0.89
2023-05-10,21.0,3.1,1.22
2023-05-11,20.89,2.21,1.1
2023-05-12,31.43,2.12,1.37
2023-05-15,28.1,2.95,0.93
2023-05-16,25.3,3.21,1.14
2023-05-17,21.34,2.76,1.4
2023-05-18,29.33,3.17,1.29
2023-05-19,26.94,2.98,1.24
2023-05-22,22.45,3.05,0.9
2023-05-23,19.32,2.2,0.91
2023-05-24,22.64,2.34,1.26
2023-05-25,19.77,3.44,0.82
2023-05-26,35.8,2.54,0.99
2023-05-29,28.99,2.45,1.21
2023-05-30,22.48,4.33,0.99
2023-05-31,29.79,3.4,1.39
2023-06-01,26.16,2.13,0.85
2023-06-02,28.43,2.59,1.37
2023-06-05,28.24,3.51,1.48
2023-06-06,27.9,3.15,0.99
2023-06-07,29.64,2.94,1.3
2023-06-08,27.58,3.01,1.23
2023-06-09,27.21,2.89,0.95
2023-06-12,24.12,3.88,1.35
2023-06-13,27.59,3.44,1.53
2023-06-14,29.34,4.03,1.16
2023-06-15,16.6,2.66,1.43
2023-06-16,24.69,2.17,1.89
2023-06-19,28.12,2.83,1.62
2023-06-20,18.6,3.67,0.68
2023-06-21,28.33,3.42,1.23
2023-06-22,30.03,2.99,1.56
2023-06-23,35.12,3.4,1.13
2023-06-26,25.51,2.7,1.41
2023-06-27,29.39,2.72,1.47
2023-06-28,16.99,4.04,1.02
2023-06-29,24.36,4.47,1.94
2023-06-30,27.87,3.4,1.6
2023-07-03,18.36,3.26,1.25
2023-07-04,22.48,3.84,1.38
2023-07-05,27.13,2.93,1.44
2023-07-06,28.74,3.48,1.39
2023-07-07,27.51,3.16,0.94
2023-07-10,27.34,2.98,1.63
2023-07-11,18.5,2.81,1.28
2023-07-12,24.35,2.76,0.88
2023-07-13,25.41,3.57,1.24
2023-07-14,18.96,2.53,1.22
2023-07-17,18.45,4.11,0.85
2023-07-18,28.73,2.58,1.18
2023-07-19,28.85,2.47,1.14
2023-07-20,25.81,3.22,0.76
2023-07-21,24.97,2.7,1.64
2023-07-24,33.42,3.6,1.6
2023-07-25,22.74,2.53,1.32
2023-07-26,28.99,3.48,0.99
2023-07-27,29.12,3.33,0.92
2023-07-28,30.19,2.52,1.13
2023-07-31,19.93,3.47,1.45
2023-08-01,18.5,3.75,1.21
2023-08-02,25.64,3.04,1.32
2023-08-03,23.13,3.53,0.83
2023-08-04,16.25,2.81,0.94
2023-08-07,24.29,3.71,0.74
2023-08-08,22.94,3.34,1.29
2023-08-09,31.69,3.47,0.35
2023-08-10,31.37,1.5,1.13
2023-08-11,24.39,3.18,1.19
2023-08-14,23.09,3.21,0.83
2023-08-15,19.68,3.23,1.66
2023-08-16,30.15,2.58,0.81
2023-08-17,30.52,3.17,1.07
2023-08-18,29.58,3.95,1.22
2023-08-21,26.41,3.55,0.86
2023-08-22,16.99,3.09,0.76
2023-08-23,27.62,3.6,1.17
2023-08-24,30.81,3.46,1.3
2023-08-25,30.39,3.35,1.14
2023-08-28,18.8,3.68,1.37
2023-08-29,24.39,2.51,1.7
2023-08-30,31.88,2.36,1.16
2023-08-31,25.77,2.86,1.3
2023-09-01,19.91,3.56,1.43
2023-09-04,24.08,3.69,1.44
2023-09-05,30.71,2.53,1.41
2023-09-06,35.28,2.6,1.19
2023-09-07,28.97,3.27,1.31
2023-09-08,24.05,3.7,1.18
2023-09-11,27.17,3.19,0.5
2023-09-12,33.68,2.17,1.4
2023-09-13,31.8,3.46,1.38
2023-09-14,22.11,3.14,1.28
2023-09-15,25.7,3.12,0.77
2023-09-18,27.07,2.95,1.14
2023-09-19,26.73,3.29,1.14
2023-09-20,26.1,3.88,1.42
2023-09-21,24.04,2.62,1.75
2023-09-22,37.54,4.01,0.69
2023-09-25,29.57,2.75,0.8
2023-09-26,27.37,4.13,1.18
2023-09-27,29.34,2.86,0.48
2023-09-28,12.6,3.52,1.37
2023-09-29,27.24,1.55,1.14
2023-10-02,30.0,4.2,1.05
2023-10-03,22.93,3.36,0.94
2023-10-04,20.39,3.65,1.48
2023-10-05,26.24,3.65,1.12
2023-10-06,31.73,2.82,1.68
2023-10-09,27.78,3.28,0.83
2023-10-10,26.76,2.3,1.25
2023-10-11,21.23,3.64,1.43
2023-10-12,23.07,2.61,1.14
2023-10-13,20.28,2.62,0.51
2023-10-16,19.62,2.58,1.03
2023-10-17,27.72,2.11,1.05
2023-10-18,23.93,4.2,1.69
2023-10-19,28.71,3.89,1.17
2023-10-20,26.5,3.16,1.54
2023-10-23,18.48,3.31,1.0
2023-10-24,30.23,3.22,1.62
2023-10-25,23.6,3.39,0.94
2023-10-26,23.42,2.54,1.27
2023-10-27,19.88,2.68,0.77
2023-10-30,26.25,3.49,0.8
2023-10-31,25.71,3.1,0.95
2023-11-01,26.59,3.96,1.13
2023-11-02,29.93,3.52,1.4
2023-11-03,32.07,2.98,1.4
2023-11-06,26.82,2.86,0.75
2023-11-07,24.81,2.51,1.14
2023-11-08,31.93,3.14,1.52
2023-11-09,31.27,3.04,1.21
2023-11-10,24.41,2.57,1.66
2023-11-13,25.74,2.47,1.14
2023-11-14,26.68,3.18,0.8
2023-11-15,27.09,4.55,0.73
2023-11-16,21.67,2.81,1.28
2023-11-17,25.1,3.33,1.2
2023-11-20,25.48,4.34,1.53
2023-11-21,23.59,3.97,1.23
2023-11-22,26.08,3.23,1.65
2023-11-23,24.45,4.38,1.22
2023-11-24,23.45,3.24,1.46
2023-11-27,24.0,3.26,1.25
2023-11-28,21.3,3.44,1.27
2023-11-29,23.13,1.77,1.55
2023-11-30,30.02,1.65,1.11
2023-12-01,27.98,3.29,0.99
2023-12-04,22.31,3.87,1.57
2023-12-05,24.8,3.12,1.38
2023-12-06,32.7,2.68,0.69
2023-12-07,30.45,4.55,1.34
2023-12-08,21.16,2.85,1.65
2023-12-11,23.91,3.43,1.0
2023-12-12,20.29,3.35,1.07
2023-12-13,25.49,4.1,1.13
2023-12-14,25.73,3.34,1.36
2023-12-15,17.65,3.06,1.32
2023-12-18,24.17,3.29,0.95
2023-12-19,23.2,3.79,1.48
2023-12-20,27.51,3.4,0.89
2023-12-21,26.4,3.57,1.11
2023-12-22,28.6,3.36,1.02
2023-12-25,19.13,3.75,1.42
2023-12-26,24.48,3.88,0.87
2023-12-27,26.58,3.24,0.59
2023-12-28,24.89,2.98,1.54
2023-12-29,26.35,2.65,0.55
2024-01-01,32.87,3.38,1.53
2024-01-02,24.85,3.65,1.48
2024-01-03,22.02,4.11,1.32
2024-01-04,24.77,3.32,1.8
2024-01-05,29.89,3.7,0.86
2024-01-08,26.36,3.05,1.23
2024-01-09,27.44,2.54,1.5
2024-01-10,17.3,3.37,1.6
2024-01-11,21.33,3.6,1.58
2024-01-12,28.48,3.89,0.98
2024-01-15,23.19,2.87,1.35
2024-01-16,23.14,2.34,1.45
2024-01-17,27.18,1.84,1.27
2024-01-18,25.62,4.2,1.64
2024-01-19,18.14,2.38,1.15
2024-01-22,19.22,3.76,1.2
2024-01-23,24.15,3.49,1.05
2024-01-24,28.1,3.18,1.41
2024-01-25,25.56,3.11,0.95
2024-01-26,27.06,2.47,0.77
2024-01-29,26.41,3.76,1.62
2024-01-30,29.68,2.25,1.07
2024-01-31,22.43,4.47,1.41
2024-02-01,36.33,3.78,1.1
2024-02-02,21.33,2.85,1.65
2024-02-05,29.22,3.24,1.06
2024-02-06,24.63,2.81,1.1
2024-02-07,28.2,3.82,1.43
2024-02-08,29.95,1.75,1.48
2024-02-09,25.97,3.24,1.08
2024-02-12,25.37,3.01,1.05
2024-02-13,18.5,2.99,1.5
2024-02-14,19.95,2.66,1.13
2024-02-15,20.76,3.08,1.43
2024-02-16,32.23,3.27,0.97
2024-02-19,23.97,2.31,1.44
2024-02-20,28.96,2.66,0.96
2024-02-21,27.52,3.93,1.46
2024-02-22,33.05,2.87,0.89
2024-02-23,30.29,3.83,1.62
2024-02-26,23.24,2.96,0.8
2024-02-27,29.37,3.38,1.17
2024-02-28,28.77,2.53,1.33
2024-02-29,31.62,3.26,1.51
2024-03-01,25.25,3.56,1.25
2024-03-04,25.1,2.34,1.01
2024-03-05,28.33,2.89,1.26
2024-03-06,26.82,2.84,1.79
2024-03-07,30.56,3.03,0.97
2024-03-08,24.11,2.42,1.45
2024-03-11,19.94,2.53,1.28
2024-03-12,25.05,3.65,1.1
2024-03-13,23.23,4.11,1.19
2024-03-14,25.23,4.18,1.58
2024-03-15,27.46,3.36,1.05
2024-03-18,18.8,3.99,1.04
2024-03-19,33.41,2.26,1.33
2024-03-20,22.27,3.31,0.96
2024-03-21,26.91,3.91,1.39
2024-03-22,22.56,3.61,1.3
2024-03-25,19.92,2.83,0.93
2024-03-26,27.96,3.47,1.5
2024-03-27,21.07,3.26,1.19
2024-03-28,21.98,3.21,1.14
2024-03-29,26.97,4.14,1.4
2024-04-01,25.88,4.12,1.2
2024-04-02,24.05,2.5,0.72
2024-04-03,24.48,3.29,1.71
2024-04-04,25.22,2.08,1.22
2024-04-05,22.86,2.7,1.46
2024-04-08,26.23,4.15,1.37
2024-04-09,25.99,3.88,1.18
2024-04-10,20.94,3.83,1.49
2024-04-11,34.77,3.05,1.4
2024-04-12,16.3,3.71,1.3
2024-04-15,24.55,3.46,1.62
2024-04-16,23.68,2.46,1.16
2024-04-17,24.33,2.99,1.42
2024-04-18,32.55,2.06,1.35
2024-04-19,31.9,2.97,0.78
2024-04-22,25.73,3.36,1.12
2024-04-23,25.07,1.95,1.88
2024-04-24,33.81,2.78,0.05
2024-04-25,21.64,3.07,1.38
2024-04-26,23.87,3.42,1.2
2024-04-29,19.54,2.93,0.95
2024-04-30,24.27,4.51,1.17
2024-05-01,25.66,3.29,1.32
2024-05-02,16.88,2.81,1.64
2024-05-03,24.05,2.78,1.41
2024-05-06,19.42,2.98,1.4
2024-05-07,22.55,3.53,1.06
2024-05-08,21.24,2.34,1.24
2024-05-09,29.89,2.3,0.98
2024-05-10,22.09,2.25,1.26
2024-05-13,19.26,1.96,1.42
2024-05-14,28.51,4.04,0.96
2024-05-15,22.91,3.38,1.25
2024-05-16,26.02,2.75,1.03
2024-05-17,29.92,3.78,1.38
2024-05-20,33.08,2.21,0.61
2024-05-21,17.44,2.91,1.53
2024-05-22,22.81,3.44,1.45
2024-05-23,26.31,3.93,1.37
2024-05-24,27.73,3.17,1.02
2024-05-27,29.5,3.08,1.35
2024-05-28,25.26,4.07,0.99
2024-05-29,22.16,3.65,2.0
2024-05-30,25.14,3.21,1.03
2024-05-31,18.72,3.17,1.35
2024-06-03,20.84,3.42,1.49
2024-06-04,27.78,3.54,1.7
2024-06-05,14.15,2.74,1.47
2024-06-06,25.6,2.07,0.94
2024-06-07,23.57,2.63,0.81
2024-06-10,31.52,2.99,1.35
2024-06-11,24.8,3.23,0.98
2024-06-12,33.99,3.82,0.6
2024-06-13,23.16,1.5,0.98
2024-06-14,28.9,3.12,1.34
2024-06-17,27.5,3.81,1.13
2024-06-18,19.58,2.82,1.04
2024-06-19,24.26,3.24,1.14
2024-06-20,27.29,2.27,1.14
2024-06-21,27.01,2.77,1.48
2024-06-24,18.8,3.35,1.19
2024-06-25,29.68,2.75,1.04
2024-06-26,28.15,2.72,1.15
2024-06-27,23.88,3.87,1.41
2024-06-28,19.56,3.79,0.86
2024-07-01,21.73,3.16,1.38
2024-07-02,19.78,2.72,1.33
2024-07-03,18.06,2.52,1.3
2024-07-04,29.83,3.24,1.49
2024-07-05,22.73,3.16,1.07
2024-07-08,28.39,3.46,1.24
2024-07-09,27.35,3.29,1.21
2024-07-10,19.49,3.83,1.25
2024-07-11,12.42,2.93,1.18
2024-07-12,20.19,3.15,1.5
2024-07-15,20.9,2.57,0.82
2024-07-16,28.45,3.47,1.15
2024-07-17,21.2,3.78,1.51
2024-07-18,25.66,3.53,1.45
2024-07-19,23.16,3.65,1.09
2024-07-22,27.16,2.53,1.02
2024-07-23,25.78,2.47,0.96
2024-07-24,18.73,2.41,0.94
2024-07-25,28.11,3.79,1.35
2024-07-26,27.03,3.04,1.26
2024-07-29,30.28,4.67,1.25
2024-07-30,20.66,3.03,1.3
2024-07-31,25.2,3.12,1.06
2024-08-01,30.23,2.66,0.79
2024-08-02,29.39,3.5,1.24
2024-08-05,27.5,3.34,1.52
2024-08-06,20.4,3.59,0.88
2024-08-07,22.55,3.39,1.17
2024-08-08,26.15,2.24,1.36
2024-08-09,24.37,3.49,1.11
2024-08-12,20.22,3.01,1.22
2024-08-13,20.9,2.74,1.94
2024-08-14,23.99,3.32,1.22
2024-08-15,20.09,3.51,1.22
2024-08-16,25.1,2.64,1.01
2024-08-19,26.47,2.77,0.96
2024-08-20,23.19,3.14,1.54
2024-08-21,18.71,3.51,0.95
2024-08-22,24.36,3.05,0.9
2024-08-23,19.77,3.69,1.4
2024-08-26,25.49,3.42,1.57
2024-08-27,33.82,2.56,1.14
2024-08-28,33.43,3.25,0.94
2024-08-29,14.68,3.51,1.96
2024-08-30,25.84,3.06,1.08
2024-09-02,25.96,3.08,1.56
2024-09-03,26.21,3.1,0.72
2024-09-04,23.46,2.84,1.29
2024-09-05,21.87,2.45,1.25
2024-09-06,29.01,2.96,0.76
2024-09-09,23.75,3.63,1.19
2024-09-10,22.25,3.43,1.72
2024-09-11,32.74,3.8,1.53
2024-09-12,19.81,2.08,1.52
2024-09-13,23.27,3.44,1.27
2024-09-16,29.66,2.41,1.05
2024-09-17,12.0,3.83,0.92
2024-09-18,26.2,2.47,0.65
2024-09-19,30.43,3.47,1.28
2024-09-20,23.04,3.11,0.87
2024-09-23,34.27,3.76,0.74
2024-09-24,12.0,3.51,1.13
2024-09-25,33.18,3.29,0.98
2024-09-26,25.61,2.56,0.8
2024-09-27,17.5,4.84,1.34
2024-09-30,32.03,4.64,1.05
2024-10-01,26.79,2.84,0.59
2024-10-02,24.14,3.67,1.2
2024-10-03,23.27,4.55,1.05
2024-10-04,30.72,4.1,0.9
2024-10-07,23.97,3.06,0.79
2024-10-08,28.02,2.56,0.9
2024-10-09,18.04,3.84,1.09
2024-10-10,26.68,3.84,1.63
2024-10-11,26.56,3.5,1.03
2024-10-14,23.27,3.3,1.55
2024-10-15,17.65,2.65,0.85
2024-10-16,22.0,2.78,0.85
2024-10-17,21.45,3.17,1.73
2024-10-18,25.02,3.16,0.85
2024-10-21,26.81,3.09,1.29
2024-10-22,31.57,2.98,1.55
2024-10-23,20.7,3.75,0.75
2024-10-24,32.7,3.22,1.53
2024-10-25,29.02,2.28,1.33
2024-10-28,25.39,3.01,0.94
2024-10-29,28.37,3.56,1.21
2024-10-30,30.53,3.11,0.86
2024-10-31,27.43,3.9,1.11
2024-11-01,20.78,3.14,1.02
2024-11-04,23.08,3.7,1.15
2024-11-05,26.6,3.05,0.91
2024-11-06,18.56,3.62,1.19
2024-11-07,27.34,2.55,1.56
2024-11-08,25.52,2.99,1.1
2024-11-11,30.97,2.51,1.18
2024-11-12,25.41,3.78,1.06
2024-11-13,22.89,3.17,1.07
2024-11-14,29.92,2.54,1.19
2024-11-15,28.32,3.77,0.68
2024-11-18,23.03,3.82,1.1
2024-11-19,28.93,3.6,0.86
2024-11-20,21.92,4.3,1.73
2024-11-21,28.14,3.71,1.55
2024-11-22,28.32,2.26,1.0
2024-11-25,24.03,2.61,1.24
2024-11-26,24.04,3.29,1.67
2024-11-27,33.34,2.77,1.07
2024-11-28,35.21,3.25,1.16
2024-11-29,30.03,3.24,0.98
2024-12-02,26.42,3.78,1.27
2024-12-03,21.98,3.65,1.36
2024-12-04,24.5,2.93,0.89
2024-12-05,28.7,2.38,1.0
2024-12-06,27.4,3.29,1.22
2024-12-09,26.75,2.58,1.23
2024-12-10,26.69,3.21,0.98
2024-12-11,25.56,3.89,1.65
2024-12-12,21.59,2.55,1.02
2024-12-13,19.63,1.81,1.16
2024-12-16,14.53,4.13,1.13
2024-12-17,22.24,3.24,1.42
2024-12-18,26.43,3.57,1.47
2024-12-19,20.78,3.33,0.92
2024-12-20,18.72,3.03,1.0
2024-12-23,34.82,2.37,0.92
2024-12-24,24.14,3.5,0.95
2024-12-25,24.56,3.25,1.38
2024-12-26,24.57,3.15,2.03
2024-12-27,26.13,3.06,1.28
2024-12-30,24.22,2.35,0.98
2024-12-31,32.09,3.11,1.35
2025-01-01,21.05,3.0,0.81
2025-01-02,26.51,2.27,1.21
2025-01-03,29.48,2.61,1.38
2025-01-06,27.45,2.85,0.97
2025-01-07,25.01,3.1,1.53
2025-01-08,29.88,3.01,1.09
2025-01-09,20.96,3.92,1.51
2025-01-10,24.04,3.78,0.92
2025-01-13,16.84,4.78,1.29
2025-01-14,24.84,4.28,0.87
2025-01-15,28.69,3.41,1.21
2025-01-16,24.91,3.39,1.74
2025-01-17,15.34,3.3,1.15
2025-01-20,26.49,3.31,1.27
2025-01-21,24.71,3.15,1.25
2025-01-22,27.61,3.19,1.24
2025-01-23,25.15,4.26,1.05
2025-01-24,33.57,3.89,0.96
2025-01-27,29.67,3.77,1.07
2025-01-28,20.0,2.61,0.85
2025-01-29,24.45,3.53,0.88
2025-01-30,25.11,3.36,1.22
2025-01-31,22.44,2.54,1.17
2025-02-03,24.98,2.9,1.2
2025-02-04,32.34,3.06,1.23
2025-02-05,32.06,3.11,0.75
2025-02-06,19.98,2.62,0.97
2025-02-07,27.31,3.85,1.19
2025-02-10,17.99,2.6,1.15
2025-02-11,26.38,3.41,1.29
2025-02-12,21.18,2.0,1.13
2025-02-13,34.79,2.72,1.11
2025-02-14,28.35,4.35,1.17
2025-02-17,27.59,3.83,1.03
2025-02-18,12.0,2.37,1.0
2025-02-19,28.28,3.04,1.0
2025-02-20,27.57,2.83,1.21
2025-02-21,26.38,2.5,1.09
2025-02-24,25.94,3.02,1.52
2025-02-25,23.06,3.46,1.29
2025-02-26,23.51,3.3,1.25
2025-02-27,27.61,3.28,0.84
2025-02-28,24.9,3.32,1.43
2025-03-03,22.9,2.82,1.29
2025-03-04,28.36,3.37,1.06
2025-03-05,25.6,3.34,1.3
2025-03-06,38.03,3.33,1.69
2025-03-07,21.0,2.91,1.75
2025-03-10,25.55,3.27,0.82
2025-03-11,27.86,3.14,1.19
2025-03-12,27.11,3.48,1.45
2025-03-13,25.15,3.55,0.91
2025-03-14,27.68,2.7,1.61
2025-03-17,20.71,4.06,1.9
2025-03-18,28.3,3.69,0.86
2025-03-19,28.98,2.86,0.98
2025-03-20,31.14,3.99,1.37
2025-03-21,22.44,3.93,1.25
2025-03-24,24.87,3.33,0.93
2025-03-25,17.64,3.32,1.17
2025-03-26,16.78,4.19,0.63
2025-03-27,23.22,2.58,1.24
2025-03-28,25.7,3.04,0.95
2025-03-31,24.26,3.48,1.29
2025-04-01,28.7,3.08,1.13
2025-04-02,27.83,4.49,1.48
2025-04-03,29.24,2.86,1.27
2025-04-04,23.95,3.31,1.19
2025-04-07,23.72,3.33,1.75
2025-04-08,16.49,3.35,1.35
2025-04-09,29.66,3.41,1.31
2025-04-10,27.27,3.91,0.82
2025-04-11,28.47,2.75,1.55
2025-04-14,20.76,3.33,1.72
2025-04-15,30.97,4.12,1.05
2025-04-16,21.54,3.39,0.73
2025-04-17,22.59,3.61,1.22
2025-04-18,23.08,3.29,1.21
2025-04-21,22.72,2.39,1.59
2025-04-22,21.71,3.6,1.57
2025-04-23,24.27,3.3,1.0
2025-04-24,21.95,3.94,0.92
2025-04-25,27.0,3.92,1.26
2025-04-28,28.02,2.66,1.42
2025-04-29,30.77,3.4,1.54
2025-04-30,24.27,3.26,1.09
2025-05-01,28.86,3.78,1.5
2025-05-02,26.7,3.8,1.33
2025-05-05,25.14,2.44,1.14
2025-05-06,31.19,3.75,1.47
2025-05-07,24.65,3.23,1.42
2025-05-08,29.13,3.39,1.11
2025-05-09,37.15,3.67,0.95
2025-05-12,25.36,4.0,1.21
2025-05-13,31.26,2.82,1.03
2025-05-14,24.09,3.63,1.2
2025-05-15,27.1,3.07,0.93
2025-05-16,24.19,4.37,1.07
2025-05-19,33.18,2.7,1.57
2025-05-20,26.3,2.26,1.06
2025-05-21,27.76,3.18,0.93
2025-05-22,32.12,2.85,1.07
2025-05-23,22.13,3.83,1.01
2025-05-26,19.37,2.87,1.3
2025-05-27,18.22,2.08,1.66
2025-05-28,29.16,3.13,1.33
2025-05-29,29.32,3.37,0.96
2025-05-30,28.54,3.45,1.56
2025-06-02,23.12,4.22,1.34
2025-06-03,39.25,2.75,1.33
2025-06-04,24.65,3.35,0.74
2025-06-05,31.88,2.83,0.92
2025-06-06,20.51,3.19,1.37
2025-06-09,24.58,2.81,0.9
2025-06-10,25.39,2.92,1.33
2025-06-11,30.78,3.7,0.75
2025-06-12,34.7,3.31,1.07
2025-06-13,31.89,2.75,1.45
2025-06-16,25.41,4.15,1.55
2025-06-17,23.69,2.85,1.36
2025-06-18,28.08,4.36,1.49
2025-06-19,27.52,3.31,1.21
2025-06-20,30.51,2.46,1.11
2025-06-23,14.33,2.33,1.13
2025-06-24,26.7,2.16,1.46
2025-06-25,25.11,3.47,1.12
2025-06-26,30.88,2.94,1.34
2025-06-27,29.95,2.41,1.4
2025-06-30,27.96,2.5,1.15
2025-07-01,24.74,3.21,1.13
2025-07-02,27.78,1.5,0.98
2025-07-03,18.13,3.79,1.3
2025-07-04,20.55,2.69,1.42
2025-07-07,15.19,2.34,0.86
2025-07-08,17.92,4.13,1.72
2025-07-09,18.03,3.45,0.96
2025-07-10,15.63,3.64,1.03
2025-07-11,16.44,2.4,1.09
2025-07-14,30.1,3.24,0.91
2025-07-15,25.27,1.97,1.29
2025-07-16,24.49,3.29,1.66
2025-07-17,27.24,3.69,1.05
2025-07-18,15.14,3.19,0.81
2025-07-21,20.28,2.11,0.55
2025-07-22,16.53,4.5,1.55
2025-07-23,22.39,3.06,1.37
2025-07-24,27.24,3.04,1.49
2025-07-25,24.63,3.85,1.52
2025-07-28,24.36,3.38,0.63
2025-07-29,24.01,2.3,1.0
2025-07-30,27.01,3.72,1.32
2025-07-31,21.46,3.46,1.17
2025-08-01,24.49,4.65,1.32
2025-08-04,22.96,2.81,1.37
2025-08-05,25.97,2.93,0.7
2025-08-06,22.49,3.27,0.78
2025-08-07,24.85,3.25,1.16
2025-08-08,29.61,3.17,1.02
2025-08-11,28.29,3.23,1.18
2025-08-12,21.28,3.8,0.35
2025-08-13,20.3,3.67,0.88
2025-08-14,22.45,3.02,1.28
2025-08-15,25.23,2.91,0.93
2025-08-18,33.34,2.28,0.89
2025-08-19,28.89,2.44,1.11
2025-08-20,25.7,2.96,1.3
2025-08-21,16.93,2.5,0.95
2025-08-22,29.47,3.06,1.03
2025-08-25,22.5,3.17,1.16
2025-08-26,28.14,2.99,0.59
2025-08-27,30.54,2.58,0.97
2025-08-28,23.14,2.37,1.11
2025-08-29,27.96,4.1,1.54
2025-09-01,31.09,1.89,1.2
2025-09-02,17.39,3.17,1.15
2025-09-03,18.3,2.93,1.11
2025-09-04,23.6,3.39,1.49
2025-09-05,23.8,3.7,0.89
2025-09-08,24.79,3.03,1.66
2025-09-09,24.39,3.26,1.32
2025-09-10,31.27,2.57,0.89
2025-09-11,26.97,3.03,1.81
2025-09-12,27.71,3.54,1.44
2025-09-15,29.06,3.44,1.34
2025-09-16,18.88,4.18,1.56
2025-09-17,23.96,2.93,1.34
2025-09-18,22.98,3.02,1.4
2025-09-19,28.04,3.2,1.27
2025-09-22,14.96,4.37,1.09
2025-09-23,31.49,2.45,0.88
2025-09-24,20.37,3.52,1.35
2025-09-25,32.99,3.92,1.23
2025-09-26,30.87,2.65,1.86
2025-09-29,26.74,2.63,0.65
2025-09-30,17.16,2.94,1.39
2025-10-01,24.88,2.51,1.59
2025-10-02,23.96,2.34,0.97
2025-10-03,25.28,3.87,1.42
2025-10-06,29.94,3.03,1.71
2025-10-07,23.7,3.8,0.74
2025-10-08,21.17,3.34,0.97
2025-10-09,23.47,3.29,0.73
2025-10-10,19.37,3.26,1.09
2025-10-13,15.73,2.97,1.25
2025-10-14,29.52,3.93,0.68
2025-10-15,26.7,2.33,1.67
2025-10-16,24.04,3.95,1.24
2025-10-17,26.59,3.05,0.72
2025-10-20,26.35,2.38,1.69
2025-10-21,29.09,3.96,1.7
2025-10-22,19.84,3.33,0.93
2025-10-23,22.9,3.55,1.54
2025-10-24,23.12,3.18,1.57
2025-10-27,21.81,2.43,1.17
2025-10-28,19.61,2.84,0.79
2025-10-29,31.06,3.84,1.15
2025-10-30,25.23,3.75,1.34
2025-10-31,20.65,3.17,1.25
2025-11-03,20.65,2.97,1.24
2025-11-04,27.17,3.17,0.96
2025-11-05,17.94,3.62,1.26
2025-11-06,19.32,4.53,1.09
2025-11-07,24.49,3.59,0.73
2025-11-10,26.8,3.51,0.84
2025-11-11,28.35,3.85,1.71
2025-11-12,30.87,3.24,1.44
2025-11-13,29.98,3.02,0.99
2025-11-14,30.44,4.8,1.36
2025-11-17,28.46,3.45,1.05
2025-11-18,22.55,3.14,0.98
2025-11-19,21.02,3.13,1.44
2025-11-20,23.9,3.03,1.45
2025-11-21,22.72,1.95,1.14
2025-11-24,28.06,2.6,1.64
2025-11-25,27.48,3.6,1.63
2025-11-26,28.09,3.0,1.91
2025-11-27,30.35,3.57,1.23
2025-11-28,26.34,2.68,1.78
2025-12-01,24.11,3.16,1.32
2025-12-02,21.06,1.87,1.4
2025-12-03,22.83,3.42,1.46
2025-12-04,16.03,4.09,0.91
2025-12-05,30.5,4.39,1.24
2025-12-08,32.39,3.64,1.64
2025-12-09,22.09,2.19,1.5
2025-12-10,32.89,2.99,1.18
2025-12-11,27.96,3.97,1.26
2025-12-12,21.64,3.11,1.61
2025-12-15,26.5,3.25,0.98
2025-12-16,19.06,3.5,1.41
2025-12-17,33.18,3.88,2.12
2025-12-18,29.42,3.31,0.92
2025-12-19,28.93,2.64,1.73
2025-12-22,22.09,2.97,1.44
2025-12-23,26.12,3.65,0.68
2025-12-24,21.43,2.96,1.0
2025-12-25,15.32,3.12,0.83
2025-12-26,27.8,2.21,0.06
2025-12-29,28.53,2.78,1.18
2025-12-30,19.87,2.89,0.61
2025-12-31,21.94,2.75,0.98
2026-01-01,19.71,4.85,1.64
2026-01-02,23.53,2.81,1.01
2026-01-05,23.1,3.29,0.94
2026-01-06,24.33,2.76,1.12
2026-01-07,21.35,3.09,1.21
2026-01-08,25.73,4.0,0.47
2026-01-09,22.04,3.04,0.63
2026-01-12,21.72,3.33,1.4
2026-01-13,21.29,2.9,1.09
2026-01-14,26.38,3.32,1.21
2026-01-15,22.69,2.88,1.35
2026-01-16,31.34,3.38,1.14
2026-01-19,25.24,2.78,0.93
2026-01-20,29.7,2.25,1.86
2026-01-21,27.39,3.1,1.02
2026-01-22,27.0,3.21,1.55
2026-01-23,29.62,3.09,1.0
2026-01-26,37.49,2.77,0.96
2026-01-27,26.61,3.12,1.61
2026-01-28,30.7,2.76,0.96
2026-01-29,27.05,2.92,1.13
2026-01-30,26.36,2.74,1.34
2026-02-02,29.62,3.23,1.4
2026-02-03,23.8,4.22,1.03
2026-02-04,24.47,2.09,1.51
2026-02-05,26.09,3.13,1.44
2026-02-06,28.3,3.09,0.98
2026-02-09,25.09,3.52,1.08
2026-02-10,21.67,3.72,1.16
2026-02-11,17.81,2.46,0.92
2026-02-12,24.54,3.0,1.3
2026-02-13,36.38,4.3,1.25
2026-02-16,21.1,3.58,1.62
2026-02-17,28.64,2.18,1.38
2026-02-18,17.17,2.53,1.41
2026-02-19,24.24,3.23,1.69
2026-02-20,23.42,2.94,1.77
2026-02-23,27.65,3.55,1.28
2026-02-24,24.89,2.94,1.35
2026-02-25,19.37,2.47,1.02
2026-02-26,25.53,3.39,1.0
2026-02-27,25.83,2.57,1.11
2026-03-02,19.7,3.98,1.61
2026-03-03,19.77,3.76,1.11
2026-03-04,29.7,3.46,1.14
2026-03-05,21.0,3.24,1.23
2026-03-06,27.63,2.14,0.91
2026-03-09,26.29,4.02,1.79
2026-03-10,28.31,3.76,1.35
2026-03-11,24.48,2.73,1.14
2026-03-12,20.26,4.13,1.81
2026-03-13,24.13,3.19,1.06
2026-03-16,20.02,3.76,0.98
2026-03-17,32.63,3.49,1.24
2026-03-18,27.75,3.21,0.74
2026-03-19,21.51,3.01,1.55
2026-03-20,24.06,3.4,0.92
2026-03-23,32.12,3.63,1.16
2026-03-24,27.52,3.07,1.31
2026-03-25,23.78,3.33,0.85
2026-03-26,23.78,3.98,1.07
2026-03-27,24.59,3.29,0.65
2026-03-30,22.78,2.0,1.03
2026-03-31,29.05,2.87,1.31
2026-04-01,18.66,3.86,1.45
2026-04-02,22.94,2.38,1.52
2026-04-03,27.32,2.78,1.25
2026-04-06,22.3,3.39,0.8
2026-04-07,20.98,3.08,1.07
2026-04-08,29.04,3.4,1.1
2026-04-09,24.68,2.3,0.8
2026-04-10,20.35,2.67,1.28
2026-04-13,24.26,3.25,1.03
2026-04-14,22.56,2.66,0.71
2026-04-15,29.55,3.23,1.51
2026-04-16,21.91,4.14,1.14
2026-04-17,21.77,2.83,1.41
2026-04-20,19.18,2.99,1.45
2026-04-21,26.62,3.13,1.55
2026-04-22,24.04,4.18,0.92
2026-04-23,20.65,4.36,0.85
2026-04-24,29.38,3.36,1.5
2026-04-27,26.57,3.03,1.31
2026-04-28,30.29,3.28,1.19
2026-04-29,26.88,3.06,1.26
2026-04-30,24.32,3.5,1.15
2026-05-01,30.59,3.53,0.81
2026-05-04,31.91,3.61,1.01
2026-05-05,20.76,2.64,1.11
2026-05-06,22.98,3.2,1.12
2026-05-07,27.12,3.02,0.77
2026-05-08,23.02,2.51,1.4
2026-05-11,23.71,3.1,0.8
2026-05-12,22.83,3.56,1.21
2026-05-13,25.23,2.83,1.1
2026-05-14,29.1,2.95,0.87
2026-05-15,21.75,2.98,1.11
2026-05-18,21.11,3.02,1.55
2026-05-19,25.53,2.03,1.25
2026-05-20,19.22,2.93,1.28
2026-05-21,26.61,3.83,0.81
2026-05-22,25.48,2.89,1.31
2026-05-25,29.34,4.3,1.44
2026-05-26,28.22,4.51,0.97
2026-05-27,20.07,3.28,1.05
2026-05-28,17.58,2.64,1.38
2026-05-29,25.95,3.16,0.69
2026-06-01,27.39,2.48,1.76
2026-06-02,28.86,2.88,1.13
2026-06-03,19.6,3.39,1.37
2026-06-04,16.46,3.2,1.34
2026-06-05,24.88,2.73,1.62
2026-06-08,17.93,3.1,1.48
2026-06-09,21.96,3.65,0.79
2026-06-10,27.71,2.97,1.69
2026-06-11,20.27,2.68,1.25
2026-06-12,32.19,3.38,1.02
2026-06-15,26.76,3.0,1.2
2026-06-16,27.6,2.78,1.04
2026-06-17,23.13,3.28,1.24
2026-06-18,21.97,3.01,1.42
2026-06-19,27.25,3.24,0.72
2026-06-22,25.41,2.98,1.51
2026-06-23,25.04,3.71,1.34
2026-06-24,20.75,3.04,0.88
2026-06-25,17.53,3.4,0.62
2026-06-26,28.58,3.66,1.03
2026-06-29,28.76,3.65,1.75
2026-06-30,20.59,3.05,1.16
2026-07-01,20.04,3.44,1.45
2026-07-02,26.06,3.21,2.06
2026-07-03,27.69,2.58,1.16
2026-07-06,31.85,3.79,1.2
2026-07-07,27.47,2.92,1.14
2026-07-08,18.59,3.27,0.96
2026-07-09,15.26,3.62,0.81
2026-07-10,31.54,3.38,1.33
2026-07-13,25.41,3.07,0.75
2026-07-14,19.49,4.06,1.02
2026-07-15,32.91,2.85,1.53
2026-07-16,26.12,3.9,1.55
2026-07-17,29.07,3.25,1.09
2026-07-20,22.22,2.57,0.93
2026-07-21,33.09,3.74,1.05
2026-07-22,21.49,2.51,1.49
2026-07-23,23.63,3.55,1.32
2026-07-24,27.23,2.76,0.97
2026-07-27,36.85,3.6,1.62
2026-07-28,30.17,4.38,0.9
2026-07-29,20.71,3.73,1.3
2026-07-30,24.84,3.39,1.63
2026-07-31,29.87,3.36,1.1
2026-08-03,18.96,3.6,1.58
2026-08-04,26.86,3.6,0.47
2026-08-05,20.3,2.86,1.51
2026-08-06,26.57,2.92,1.47
2026-08-07,19.66,2.45,1.05
2026-08-10,32.94,3.3,1.36
2026-08-11,26.21,3.16,0.92
2026-08-12,28.97,2.63,1.31
2026-08-13,23.6,2.57,0.8
2026-08-14,19.25,3.81,1.37
2026-08-17,26.14,1.78,1.73
2026-08-18,28.31,3.34,0.68
2026-08-19,19.59,4.55,1.17
2026-08-20,27.48,3.32,1.25
2026-08-21,20.58,2.78,1.21
2026-08-24,23.88,4.71,1.05
2026-08-25,27.5,3.71,1.59
2026-08-26,20.86,2.09,0.84
2026-08-27,22.11,3.56,0.83
2026-08-28,29.04,3.09,1.09
2026-08-31,24.35,3.32,1.07
2026-09-01,29.76,3.18,1.07
2026-09-02,23.94,3.43,1.38
2026-09-03,24.36,2.85,0.96
2026-09-04,17.0,3.2,1.16
2026-09-07,19.7,2.99,1.17
2026-09-08,21.32,2.16,1.03
2026-09-09,21.97,2.57,1.2
2026-09-10,19.77,4.01,1.13
2026-09-11,28.53,3.68,1.07
2026-09-14,24.3,2.44,1.14
2026-09-15,23.77,2.27,1.29
2026-09-16,26.8,3.62,1.87
