Company,NSE Symbol,Sector,Industry,Market Cap (Cr),P/E,P/B,EPS Growth 1Y (%),EPS Growth 3Y (%),Profit Growth 1Y (%),Profit Growth 3Y (%),Revenue Growth (%),ROCE (%),ROE (%),1Y Return (%),3Y CAGR (%),5Y CAGR (%),FII Holding Change (%),DII Holding Change (%),Avg Daily Turnover (Cr)
ACME Solar Holdings Ltd.,ACMESOLAR,Power,Utilities - Renewable,28364.67,40.97959,4.80607,71.5,,97.9,,46.800000000000004,,,38.37,,,,,49.6
Aadhar Housing Finance Ltd.,AADHARHFC,Financial Services,Mortgage Finance,20247.55,17.970085,2.6725562,18.4,24.7,20.18,26.23,19.6,,,-10.27,,,,,20.47
Aarti Industries Ltd.,AARTIIND,Chemicals,Specialty Chemicals,19122.95,35.59757,3.200175,258.0,-8.42,26.59,-8.4,42.5,,,33.84,3.77,,,,48.69
Aavas Financiers Ltd.,AAVAS,Financial Services,Mortgage Finance,10746.18,15.711802,2.1249876,23.3,14.82,14.07,15.08,16.900000000000002,,,-19.43,-4.77,,,,27.3
Action Construction Equipment Ltd.,ACE,Capital Goods,Farm & Heavy Construction Machinery,14071.48,31.745432,6.9957623,22.3,34.25,1.43,34.23,20.5,,,18.24,17.88,,,,38.19
Acutaas Chemicals Ltd.,ACUTAAS,Healthcare,Specialty Chemicals,25944.96,90.56873,15.693946,67.10000000000001,23.5,271.06,30.17,59.099999999999994,,,126.77,74.75,,,,93.91
Aditya Birla Fashion and Retail Ltd.,ABFRL,Consumer Services,Apparel Manufacturing,6613.18,,1.1327636,,,,,10.6,,,-28.73,-37.34,,,,48.92
Aditya Birla Lifestyle Brands Ltd.,ABLBL,Consumer Services,Apparel Retail,10460.46,59.393105,7.4433885,20.0,,187.0,,11.1,,,-38.51,,,,,20.59
Aditya Birla Real Estate Ltd.,ABREL,Realty,Real Estate Services,15550.56,,4.203231,,,,,29.7,,,-21.93,11.24,,,,32.22
Aditya Birla Sun Life AMC Ltd.,ABSLAMC,Financial Services,Asset Management,29178.91,28.65587,7.2057395,11.3,17.71,4.78,17.8,10.6,,,16.64,38.8,,,,35.01
Aditya Infotech Ltd.,CPPLUS,Capital Goods,Building Products & Equipment,41115.31,85.64564,21.813492,303.7,53.6,4.72,50.32,89.5,,,184.13,,,,,63.42
Aegis Logistics Ltd.,AEGISLOG,Oil Gas & Consumable Fuels,Oil & Gas Refining & Marketing,49768.29,37.451138,8.219329,269.0,24.72,35.39,24.71,37.1,,,104.37,57.0,,,,124.69
Aegis Vopak Terminals Ltd.,AEGISVOPAK,Oil Gas & Consumable Fuels,Oil & Gas Equipment & Services,30613.81,96.271774,7.13511,30.4,,54.9,,42.5,,,9.22,,,,,27.35
Afcons Infrastructure Ltd.,AFCONS,Construction,Engineering & Construction,10257.51,71.88144,1.882183,-78.10000000000001,-15.17,-48.34,-15.09,-20.8,,,-34.51,,,,,37.98
Affle 3i Ltd.,AFFLE,Information Technology,Advertising Agencies,24189.06,50.699112,6.608961,20.3,20.73,19.11,22.97,20.4,,,-11.81,16.08,,,,50.88
Allied Blenders and Distillers Ltd.,ABDL,Fast Moving Consumer Goods,Beverages - Wineries & Distilleries,16642.75,75.12626,10.009757,-12.9,422.32,17.17,422.36,6.1,,,13.82,,,,,26.75
Amara Raja Energy & Mobility Ltd.,ARE&M,Automobile and Auto Components,Electrical Equipment & Parts,16833.76,18.483723,2.0785077,15.9,7.02,-5.18,7.02,23.9,,,-5.84,14.99,,,,71.93
Amber Enterprises India Ltd.,AMBER,Consumer Durables,"Furnishings, Fixtures & Appliances",25921.81,277.7778,5.9165597,-79.3,2.52,-27.06,4.16,12.7,,,-0.16,45.02,,,,250.08
Anand Rathi Wealth Ltd.,ANANDRATHI,Financial Services,Asset Management,36329.83,79.361626,36.396904,71.0,32.79,32.05,32.96,52.1,,,57.1,92.94,,,,86.25
Anant Raj Ltd.,ANANTRAJ,Realty,Real Estate - Development,22492.31,38.916565,3.8855593,13.4,50.22,30.81,54.46,6.6000000000000005,,,16.26,47.93,,,,196.87
Angel One Ltd.,ANGELONE,Financial Services,Capital Markets,26295.92,25.951305,4.28497,100.0,-2.14,-21.93,0.93,23.0,,,7.82,26.55,,,,237.7
Anupam Rasayan India Ltd.,ANURAS,Chemicals,Specialty Chemicals,14159.5,80.65499,4.242972,-9.4,-17.57,-27.41,-15.03,34.8,,,9.28,10.41,,,,40.51
Aptus Value Housing Finance India Ltd.,APTUS,Financial Services,Mortgage Finance,12908.58,12.8875,2.550692,19.0,23.17,25.52,23.3,16.8,,,-26.19,0.79,,,,45.31
Asahi India Glass Ltd.,ASAHIINDIA,Automobile and Auto Components,Auto Parts,24619.59,55.75924,6.2573295,153.2,-2.72,-7.16,-1.88,15.0,,,10.82,22.66,,,,21.27
Aster DM Quality Care Ltd.,ASTERDM,Healthcare,Medical Care Facilities,66382.21,125.049255,8.576496,-81.39999999999999,-4.11,-92.78,-2.97,21.6,,,24.67,46.68,,,,80.87
Ather Energy Ltd.,ATHERENERG,Automobile and Auto Components,Auto Manufacturers,58474.08,,21.746893,,,,,88.8,,,250.89,,,,,330.41
Atul Ltd.,ATUL,Chemicals,Specialty Chemicals,19165.11,24.092306,3.0802362,92.0,9.75,40.08,9.66,25.0,,,2.17,-2.1,,,,21.9
BEML Ltd.,BEML,Capital Goods,Conglomerates,16119.75,91.72512,5.494456,,-23.51,-51.68,-3.62,29.299999999999997,,,-5.08,24.4,,,,73.74
BLS International Services Ltd.,BLS,Consumer Services,Specialty Business Services,11164.19,16.024218,4.5323777,10.8,50.4,35.12,50.66,25.3,,,-25.87,4.28,,,,96.95
Balrampur Chini Mills Ltd.,BALRAMCHIN,Fast Moving Consumer Goods,Confectioners,15423.35,42.18334,3.5600276,-15.4,10.07,-13.38,10.02,6.1,,,25.89,22.0,,,,48.57
Bandhan Bank Ltd.,BANDHANBNK,Financial Services,Banks - Regional,28210.56,20.746447,1.1015073,34.599999999999994,-17.7,-55.43,-17.69,21.6,,,1.34,-7.26,,,,178.58
Bata India Ltd.,BATAINDIA,Consumer Durables,Footwear & Accessories,9010.42,62.482174,5.6470256,23.0,-25.38,-59.41,-25.38,3.9,,,-35.05,-24.54,,,,23.6
Bayer Cropscience Ltd.,BAYERCROP,Chemicals,Agricultural Inputs,18298.17,24.966274,6.1699305,15.4,-3.13,21.34,-3.13,-4.2,,,-24.54,-0.84,,,,12.75
Belrise Industries Ltd.,BELRISE,Automobile and Auto Components,Auto Parts,22415.68,41.16696,3.9463649,-8.7,18.19,39.79,16.57,12.6,,,56.91,,,,,122.03
Bikaji Foods International Ltd.,BIKAJI,Fast Moving Consumer Goods,Packaged Foods,15188.36,58.81068,9.451405,0.4,23.33,28.65,23.48,12.5,,,-21.33,8.81,,,,12.8
Birlasoft Ltd.,BSOFT,Information Technology,Information Technology Services,8492.23,14.875122,2.06415,50.8,15.78,0.31,16.05,7.3999999999999995,,,-19.15,-9.79,,,,58.54
Blue Dart Express Ltd.,BLUEDART,Services,Integrated Freight & Logistics,12060.91,42.067368,6.7870703,189.1,-12.6,-1.99,-12.6,8.0,,,-12.96,-7.16,,,,35.36
Blue Jet Healthcare Ltd.,BLUEJET,Healthcare,Biotechnology,10341.14,44.126575,7.604245,-14.299999999999999,15.7,-18.8,15.69,-17.4,,,-23.12,,,,,36.82
Bombay Burmah Trading Corporation Ltd.,BBTC,Fast Moving Consumer Goods,Packaged Foods,9959.24,7.763938,1.4142672,19.7,160.56,10.69,,7.8,,,-22.78,12.06,,,,18.04
Brainbees Solutions Ltd.,FIRSTCRY,Consumer Services,Internet Retail,9529.06,,1.9568229,,,,,13.100000000000001,,,-48.81,,,,,81.16
Brigade Enterprises Ltd.,BRIGADE,Realty,Real Estate - Development,20851.56,31.648514,30.569502,33.800000000000004,27.81,-6.03,30.27,-8.0,,,-10.56,13.82,,,,38.84
C.E. Info Systems Ltd.,MAPMYINDIA,Information Technology,Software - Infrastructure,5387.94,40.159184,5.953865,7.9,7.83,-8.85,7.75,14.899999999999999,,,-44.64,-12.93,,,,35.07
CCL Products (I) Ltd.,CCL,Fast Moving Consumer Goods,Packaged Foods,14430.88,33.435284,6.147755,61.0,10.87,25.06,10.97,13.8,,,20.42,21.18,,,,35.72
CESC Ltd.,CESC,Power,Utilities - Regulated Electric,20558.27,13.33534,1.6416156,3.8,4.71,12.56,4.72,5.4,,,1.72,31.25,,,,37.1
CIE Automotive India Ltd.,CIEINDIA,Automobile and Auto Components,Auto Parts,15214.33,16.979254,1.9649584,15.9,,0.08,,10.6,,,2.11,-5.72,,,,16.13
Can Fin Homes Ltd.,CANFINHOME,Financial Services,Mortgage Finance,11057.82,9.7838125,1.8490027,19.6,20.45,26.67,20.45,22.5,,,8.25,5.87,,,,19.37
Canara HSBC Life Insurance Company Ltd.,CANHLIFE,Financial Services,Insurance - Life,14708.76,110.0993,8.913643,20.200000000000003,,8.23,,18.3,,8.276,,,,,,27.2
Caplin Point Laboratories Ltd.,CAPLIPOINT,Healthcare,Drug Manufacturers - Specialty & Generic,19465.08,29.343418,5.5425696,15.9,19.58,19.57,19.44,19.6,,,20.27,41.53,,,,22.15
Capri Global Capital Ltd.,CGCL,Financial Services,Credit Services,21555.14,19.066383,2.9983404,79.4,58.51,98.35,66.75,85.8,,,18.19,-33.75,,,,50.01
Carborundum Universal Ltd.,CARBORUNIV,Capital Goods,Conglomerates,22285.32,106.05622,5.7140627,23.5,-22.04,-33.48,-22.23,19.400000000000002,,,35.03,-1.57,,,,24.9
Cartrade Tech Ltd.,CARTRADE,Consumer Services,Auto & Truck Dealerships,14907.26,62.116432,5.921722,22.400000000000002,87.99,65.61,87.16,16.3,,,26.2,82.39,,,,150.2
Castrol India Ltd.,CASTROLIND,Oil Gas & Consumable Fuels,Oil & Gas Refining & Marketing,18572.75,17.499535,9.744162,42.1,5.22,2.45,5.23,25.0,,56.996,-4.42,16.64,,,,33.09
Ceat Ltd.,CEATLTD,Automobile and Auto Components,Auto Parts,14413.99,24.400166,2.4498854,-96.2,55.4,47.69,55.34,22.3,,,12.59,14.79,,,,65.19
Cemindia Projects Ltd.,CEMPRO,Construction,Engineering & Construction,21926.97,36.43734,9.137768,2.6,68.81,60.34,68.79,7.000000000000001,,,66.04,93.35,,,,63.42
Central Bank of India,CENTRALBK,Financial Services,Banks - Regional,28321.83,6.159449,0.6923332,2.8000000000000003,37.33,14.99,39.15,-3.2,,11.560000500000001,-12.12,2.67,,,,31.19
Central Depository Services (India) Ltd.,CDSL,Financial Services,Capital Markets,29028.01,61.78381,14.811933,-19.900000000000002,18.22,-13.39,18.23,4.2,,23.913,-11.49,33.47,,,,247.54
Chalet Hotels Ltd.,CHALET,Consumer Services,Lodging,18876.2,35.7063,5.100779,-57.699999999999996,48.8,352.5,52.09,-42.699999999999996,,,-13.54,22.45,,,,14.06
Chambal Fertilizers & Chemicals Ltd.,CHAMBLFERT,Chemicals,Agricultural Inputs,17274.12,9.017987,1.657587,-4.6,25.19,18.42,23.61,-11.799999999999999,,,-21.54,20.14,,,,40.28
Chennai Petroleum Corporation Ltd.,CHENNPETRO,Oil Gas & Consumable Fuels,Oil & Gas Refining & Marketing,20750.8,4.9603105,1.86795,,-4.22,1349.25,-4.22,84.8,,,122.27,58.76,,,,218.02
Choice International Ltd.,CHOICEIN,Financial Services,Capital Markets,18013.71,69.827286,9.5652685,15.4,55.08,39.06,53.58,34.4,,,-1.28,65.41,,,,49.13
Cholamandalam Financial Holdings Ltd.,CHOLAHLDNG,Financial Services,Credit Services,29327.08,10.986986,1.8976846,12.0,23.67,12.31,23.68,16.8,,18.035,-16.04,19.04,,,,39.15
City Union Bank Ltd.,CUB,Financial Services,Banks - Regional,21529.81,15.356891,2.0377543,25.2,12.36,18.03,12.26,23.3,,,36.93,31.87,,,,69.92
Clean Science and Technology Ltd.,CLEAN,Chemicals,Specialty Chemicals,8773.62,37.74577,5.5424633,4.7,-8.04,-13.14,-8.02,10.5,,,-29.68,-13.69,,,,47.88
Cohance Lifesciences Ltd.,COHANCE,Healthcare,Drug Manufacturers - Specialty & Generic,17714.26,172.11896,4.537703,-96.8,-33.83,-63.22,-24.18,-23.1,,,-48.25,-1.81,,,,96.05
Computer Age Management Services Ltd.,CAMS,Financial Services,Information Technology Services,18696.81,37.744358,14.136598,17.0,18.22,1.24,18.61,11.5,,,-0.31,19.27,,,,106.14
Concord Biotech Ltd.,CONCORDBIO,Healthcare,Biotechnology,16438.35,54.16408,8.149643,31.1,2.59,-29.8,2.81,26.200000000000003,,,-6.06,,,,,33.65
Craftsman Automation Ltd.,CRAFTSMAN,Automobile and Auto Components,Auto Parts,27840.09,55.010334,7.7795997,113.3,11.04,97.35,15.62,36.3,,,54.85,32.03,,,,57.44
CreditAccess Grameen Ltd.,CREDITACC,Financial Services,Credit Services,23976.43,20.366186,3.056128,715.2,-2.22,46.34,-1.99,149.5,,16.364999,9.73,1.09,,,,74.19
Crompton Greaves Consumer Electricals Ltd.,CROMPTON,Consumer Durables,"Furnishings, Fixtures & Appliances",16226.65,,5.470293,14.7,,,,11.799999999999999,,,-22.33,-3.92,,,,85.72
Cyient Ltd.,CYIENT,Information Technology,Conglomerates,9291.64,26.527489,1.7356062,-32.4,-6.21,-30.5,-5.95,21.3,,,-26.49,-14.59,,,,43.6
DCM Shriram Ltd.,DCMSHRIRAM,Diversified,Conglomerates,16756.84,11.750462,2.242815,511.00000000000006,-2.15,41.23,-2.15,9.3,,,-13.59,9.46,,,,18.31
DOMS Industries Ltd.,DOMS,Fast Moving Consumer Goods,Business Equipment & Supplies,13389.67,62.009556,10.976016,-22.5,33.76,13.76,33.92,19.2,,,-10.65,,,,,31.05
Data Patterns (India) Ltd.,DATAPATTNS,Capital Goods,Aerospace & Defense,27039.7,98.049126,15.576152,-13.4,26.75,22.34,29.83,16.8,,,89.06,35.0,,,,304.78
Deepak Fertilisers & Petrochemicals Corp. Ltd.,DEEPAKFERT,Chemicals,Chemicals,18312.86,18.796368,2.6732829,101.6,-15.76,-21.03,-15.22,22.5,,,-2.16,39.45,,,,51.09
Deepak Nitrite Ltd.,DEEPAKNTR,Chemicals,Chemicals,23829.23,30.43198,4.0825624,207.39999999999998,-13.54,-21.04,-13.54,36.4,,,-3.23,-4.26,,,,33.84
Delhivery Ltd.,DELHIVERY,Services,Integrated Freight & Logistics,33764.95,369.42624,3.4725595,-65.0,,-5.82,,27.800000000000004,,,-4.33,4.21,,,,140.41
Devyani International Ltd.,DEVYANI,Consumer Services,Restaurants,17803.65,,11.54738,300.0,,,,16.5,,,-14.88,-9.33,,,,52.45
Dr. Lal Path Labs Ltd.,LALPATHLAB,Healthcare,Diagnostics & Research,31628.93,58.62581,12.610514,27.800000000000004,28.08,3.62,28.32,19.1,,,10.86,18.92,,,,59.74
E.I.D. Parry (India) Ltd.,EIDPARRY,Fast Moving Consumer Goods,Agricultural Inputs,14188.41,30.5596,1.6130697,-42.4,-15.69,-35.16,-15.6,3.4000000000000004,,,-30.42,18.11,,,,22.72
EIH Ltd.,EIHOTEL,Consumer Services,Lodging,18932.9,26.394943,3.5978703,246.3,25.94,-15.03,25.93,14.499999999999998,,,-24.25,13.27,,,,20.93
Elecon Engineering Co. Ltd.,ELECON,Capital Goods,Specialty Industrial Machinery,10132.78,42.923,4.3943906,-59.8,12.82,-17.81,12.83,6.1,,,-21.49,3.64,,,,34.11
Elgi Equipments Ltd.,ELGIEQUIP,Capital Goods,Specialty Industrial Machinery,19997.34,44.767113,8.959745,21.099999999999998,5.14,22.84,5.08,22.6,,,25.81,7.52,,,,29.71
Emami Ltd.,EMAMILTD,Fast Moving Consumer Goods,Household & Personal Products,17573.49,23.47522,6.0101213,-16.2,6.99,-3.87,6.62,14.899999999999999,,,-34.47,-1.84,,,,29.05
Emcure Pharmaceuticals Ltd.,EMCURE,Healthcare,Drug Manufacturers - Specialty & Generic,35337.41,34.86805,7.1345415,41.9,18.34,35.67,20.21,22.8,,,23.83,,,,,32.94
Emmvee Photovoltaic Power Ltd.,EMMVEE,Capital Goods,Solar,22431.98,17.608696,6.068211,73.7,410.24,193.09,394.42,51.300000000000004,,,,,,,,103.49
Engineers India Ltd.,ENGINERSIN,Construction,Engineering & Construction,13764.98,17.007639,4.3871026,142.2,25.92,19.29,25.93,-5.800000000000001,,,28.89,20.7,,,,99.68
Eris Lifesciences Ltd.,ERIS,Healthcare,Drug Manufacturers - Specialty & Generic,18406.63,28.295696,4.652466,18.8,17.26,76.07,17.47,12.6,,,-22.92,19.05,,,,17.17
Fertilisers and Chemicals Travancore Ltd.,FACT,Chemicals,Agricultural Inputs,50685.15,,36.977764,,,,,20.200000000000003,,,-22.76,18.47,,,,47.12
Finolex Cables Ltd.,FINCABLES,Capital Goods,Electrical Equipment & Parts,19278.0,24.105947,3.168622,53.2,12.28,1.85,12.27,44.3,,,51.98,8.56,,,,53.76
Firstsource Solutions Ltd.,FSL,Services,Information Technology Services,19062.23,28.576603,4.346491,-1.7000000000000002,9.31,13.45,9.49,22.900000000000002,,,-23.9,26.37,,,,70.84
Five-Star Business Finance Ltd.,FIVESTAR,Financial Services,Credit Services,15377.82,14.1026,2.0835834,1.7999999999999998,22.04,2.45,22.1,8.0,,,-11.12,-11.19,,,,81.07
Force Motors Ltd.,FORCEMOT,Automobile and Auto Components,Auto Manufacturers,23414.22,18.711369,5.681642,22.8,108.48,51.31,108.48,6.2,,,-13.61,103.71,,,,201.1
Gabriel India Ltd.,GABRIEL,Automobile and Auto Components,Auto Parts,25177.3,80.39615,14.93168,40.6,23.97,2.93,23.96,29.799999999999997,,,20.5,86.54,,,,53.01
Gallantt Ispat Ltd.,GALLANTT,Capital Goods,Steel,14100.46,29.0891,4.2525945,,50.89,20.84,50.89,,,,-5.67,89.46,,,,72.95
Garden Reach Shipbuilders & Engineers Ltd.,GRSE,Capital Goods,Aerospace & Defense,29800.7,37.453213,11.347081,43.9,48.55,41.81,48.55,38.5,,,2.18,63.92,,,,346.9
Gillette India Ltd.,GILLETTE,Fast Moving Consumer Goods,Household & Personal Products,24434.02,45.8708,25.816568,9.4,19.28,15.75,19.27,10.8,,,-26.91,11.63,,,,22.68
Gland Pharma Ltd.,GLAND,Healthcare,Drug Manufacturers - Specialty & Generic,46509.05,41.151657,4.484454,46.9,9.5,47.07,9.56,19.6,,,46.08,30.99,,,,77.93
Go Digit General Insurance Ltd.,GODIGIT,Financial Services,Insurance - Property & Casualty,24305.08,48.327206,5.1868362,-37.6,147.51,28.1,148.28,8.6,,,-27.36,,,,,17.79
Godawari Power & Ispat Ltd.,GPIL,Capital Goods,Steel,15945.49,19.717617,2.5918994,-3.9,0.94,-1.35,0.31,32.300000000000004,,,12.54,-24.94,,,,75.51
Granules India Ltd.,GRANULES,Healthcare,Drug Manufacturers - Specialty & Generic,21264.69,31.86595,4.1818547,53.400000000000006,5.21,18.64,4.82,22.0,,,87.74,39.93,,,,76.81
Graphite India Ltd.,GRAPHITE,Capital Goods,Electrical Equipment & Parts,13886.32,65.20642,2.3700674,28.4,-4.16,-62.06,-4.19,26.6,,,32.15,21.15,,,,91.15
Gravita India Ltd.,GRAVITA,Metals & Mining,Metal Fabrication,13268.7,33.333942,5.409827,14.000000000000002,20.51,21.26,23.49,41.8,,,5.61,39.23,,,,45.0
Great Eastern Shipping Co. Ltd.,GESHIP,Services,Marine Shipping,18721.06,4.960282,1.1036736,159.4,4.55,25.52,4.55,66.9,,,37.71,22.09,,,,95.62
Gujarat Mineral Development Corporation Ltd.,GMDCLTD,Metals & Mining,Thermal Coal,18126.0,18.688524,2.5642524,-0.2,-7.4,40.72,-7.39,23.799999999999997,,,38.3,53.56,,,,285.25
H.E.G. Ltd.,HEG,Capital Goods,Electrical Equipment & Parts,13715.88,38.171318,2.8827474,16.8,-13.77,196.7,-13.77,10.4,,,42.38,28.34,,,,118.49
HBL Engineering Ltd.,HBLENGINE,Capital Goods,Electrical Equipment & Parts,19474.33,25.317116,8.718556,-23.5,102.26,194.27,102.11,6.0,,,-10.96,53.38,,,,160.51
HFCL Ltd.,HFCL,Telecommunication,Communication Equipment,34891.54,59.223377,6.877507,,-0.77,75.72,1.18,119.9,,,203.36,51.71,,,,353.02
Himadri Speciality Chemical Ltd.,HSCL,Chemicals,Specialty Chemicals,33019.33,44.246113,7.014986,24.7,43.05,35.22,51.51,28.000000000000004,,,37.2,67.61,,,,320.32
Hindustan Copper Ltd.,HINDCOPPER,Metals & Mining,Copper,55381.47,47.605988,16.585579,161.9,45.87,97.48,45.94,81.39999999999999,,,139.67,56.71,,,,780.54
Home First Finance Company India Ltd.,HOMEFIRST,Financial Services,Mortgage Finance,12478.19,21.57419,2.858607,32.300000000000004,26.97,41.44,33.26,29.7,,,-5.53,13.12,,,,36.84
Honasa Consumer Ltd.,HONASA,Fast Moving Consumer Goods,Household & Personal Products,15711.11,63.32457,11.087846,119.0,65.88,175.08,,27.0,,,68.7,,,,,54.99
IDBI Bank Ltd.,IDBI,Financial Services,Banks - Regional,88427.76,9.42039,1.2517503,,35.42,20.7,35.44,,,13.874,-8.78,9.86,,,,142.34
IFCI Ltd.,IFCI,Financial Services,Credit Services,21799.7,122.59091,2.391735,,,5.75,,,,,48.19,81.2,,,,202.89
IIFL Finance Ltd.,IIFL,Financial Services,Credit Services,28911.18,12.970807,2.0769618,189.5,0.61,338.47,3.45,31.8,,,45.24,6.19,,,,111.59
IRB Infrastructure Developers Ltd.,IRB,Construction,Infrastructure Operations,22887.81,24.294874,1.0719539,47.099999999999994,5.57,-86.88,5.7,-8.9,,,-14.2,14.62,,,,37.47
IRCON International Ltd.,IRCON,Construction,Engineering & Construction,11730.11,18.983257,1.7644979,-43.4,7.05,-18.14,-8.02,9.5,,,-26.36,10.69,,,,56.89
ITI Ltd.,ITI,Telecommunication,Communication Equipment,26887.64,82.61834,14.099975,,,,,-14.7,,,-5.39,36.19,,,,79.31
Indegene Ltd.,INDGN,Healthcare,Health Information Services,13673.08,34.20482,4.3579707,-0.2,14.33,-1.38,14.65,39.7,,,-1.57,,,,,17.17
India Cements Ltd.,INDIACEM,Construction Materials,Building Materials,17241.11,123.63333,1.1352992,,,,,-0.5,,,0.18,19.56,,,,26.73
Indiamart Intermesh Ltd.,INDIAMART,Consumer Services,Internet Content & Information,104780.61,21.282677,4.7199893,11.899999999999999,19.36,-13.8,18.7,11.4,,23.146,-31.68,-15.16,,,,23.5
Indian Energy Exchange Ltd.,IEX,Financial Services,Capital Markets,11000.64,21.663748,8.113071,11.799999999999999,17.44,14.85,17.23,10.100000000000001,,,-11.16,1.39,,,,110.27
Indian Overseas Bank,IOB,Financial Services,Banks - Regional,63566.0,11.077181,1.634482,45.9,32.9,59.58,37.06,48.1,,16.525999,-13.45,8.21,,,,25.25
Indraprastha Gas Ltd.,IGL,Oil Gas & Consumable Fuels,Utilities - Regulated Gas,20701.82,16.213816,1.798052,-43.8,4.57,-9.79,-1.86,17.2,,,-26.05,-11.51,,,,50.99
Inox Wind Ltd.,INOXWIND,Capital Goods,Specialty Industrial Machinery,12719.83,30.539417,1.7251077,-38.3,,-9.41,,-1.5,,,-48.96,11.36,,,,111.89
Intellect Design Arena Ltd.,INTELLECT,Information Technology,Software - Application,9630.79,27.627897,3.0251508,8.1,8.13,3.8,8.93,20.4,,,-29.34,2.0,,,,45.2
International Gemological Institute Ltd.,IGIL,Services,Other Precious Metals & Mining,14719.36,28.336105,9.891961,32.0,22.48,0.0,20.9,23.200000000000003,,,0.86,,,,,24.59
Inventurus Knowledge Solutions Ltd.,IKS,Information Technology,Health Information Services,29964.84,39.879436,10.672737,27.900000000000002,33.42,48.45,33.2,20.7,,,12.64,,,,,41.36
JBM Auto Ltd.,JBMA,Automobile and Auto Components,Auto Parts,15938.53,65.81543,13.959775,14.099999999999998,20.7,8.36,20.71,15.0,,,4.97,0.27,,,,116.93
JK Tyre & Industries Ltd.,JKTYRE,Automobile and Auto Components,Auto Parts,10802.21,16.263021,1.7822999,-74.3,36.79,52.34,43.52,2.0,,,14.74,13.32,,,,57.86
JM Financial Ltd.,JMFINANCIL,Financial Services,Capital Markets,12272.06,11.896105,1.1507951,-35.699999999999996,26.15,46.35,26.24,-10.299999999999999,,,-28.76,19.38,,,,55.34
JSW Cement Ltd.,JSWCEMENT,Construction Materials,Building Materials,17019.75,22.229277,2.5807772,,,,,19.900000000000002,,,-17.76,,,,,45.24
JSW Dulux Ltd.,JSWDULUX,Consumer Durables,N/A,14203.11,7.239218,5.793408,,80.58,359.56,80.57,,,,-5.81,6.39,,,,32.5
Jain Resource Recycling Ltd.,JAINREC,Metals & Mining,Other Industrial Metals & Mining,10209.36,28.095919,6.685876,14.099999999999998,,58.8,56.52,75.9,,,,,,,,106.04
Jaiprakash Power Ventures Ltd.,JPPOWER,Power,Utilities - Independent Power Producers,11719.42,24.428572,1.31286,67.7,113.96,-44.61,101.06,12.2,,,-10.24,39.49,,,,137.99
Jammu & Kashmir Bank Ltd.,J&KBANK,Financial Services,Banks - Regional,16408.72,7.0855913,0.9947329,,20.47,13.34,25.96,,,14.609,42.88,32.11,,,,55.18
Jindal Saw Ltd.,JINDALSAW,Capital Goods,Steel,18596.22,26.393663,1.4779886,-75.4,14.54,-44.01,14.76,9.0,,,43.12,22.97,,,,82.57
Jubilant Ingrevia Ltd.,JUBLINGREA,Chemicals,Specialty Chemicals,11329.57,36.93316,3.6311479,40.6,-3.24,10.64,-3.32,25.3,,,3.0,20.41,,,,22.86
Jubilant Pharmova Ltd.,JUBLPHARMA,Healthcare,Drug Manufacturers - Specialty & Generic,13943.61,39.213806,1.9658831,-45.0,,-52.53,,17.299999999999997,,,-18.12,34.38,,,,15.64
Jupiter Wagons Ltd.,JWL,Capital Goods,Railroads,10556.05,63.010204,3.5680752,-14.299999999999999,8.81,-55.24,12.3,46.0,,,-25.12,7.31,,,,121.04
Jyoti CNC Automation Ltd.,JYOTICNC,Capital Goods,Specialty Industrial Machinery,22487.6,67.12831,11.243263,-20.1,,6.33,,24.0,,,4.52,,,,,75.16
Kajaria Ceramics Ltd.,KAJARIACER,Consumer Durables,Building Products & Equipment,18990.74,35.23324,6.27802,55.400000000000006,12.08,64.91,12.11,20.4,,,-4.43,-4.64,,,,29.87
Kalpataru Projects International Ltd.,KPIL,Construction,Engineering & Construction,23985.0,21.088589,3.0842712,45.2,27.96,77.57,33.12,3.8,,,11.06,31.32,,,,25.18
Karur Vysya Bank Ltd.,KARURVYSYA,Financial Services,Banks - Regional,32431.69,11.81338,2.2987795,45.0,31.25,29.29,31.41,26.0,,,56.38,50.52,,,,94.64
Kaynes Technology India Ltd.,KAYNES,Capital Goods,Electronic Components,26149.55,74.62114,5.6105633,-0.4,40.54,24.12,56.34,40.5,,,-37.26,30.35,,,,614.81
Kec International Ltd.,KEC,Construction,Engineering & Construction,11604.99,20.409645,1.8840241,-41.699999999999996,49.18,6.11,50.95,,,,-46.24,-11.63,,,,67.55
Kfin Technologies Ltd.,KFINTECH,Financial Services,Software - Application,16941.46,49.74619,10.105594,-2.5,19.8,3.33,20.64,30.099999999999998,,,-10.39,37.53,,,,101.61
Kirloskar Oil Eng Ltd.,KIRLOSENG,Capital Goods,Specialty Industrial Machinery,30570.81,56.15611,8.434678,-19.900000000000002,19.84,17.41,19.99,13.4,,,119.39,69.81,,,,96.29
Krishna Institute of Medical Sciences Ltd.,KIMS,Healthcare,Medical Care Facilities,31310.87,152.23735,13.932164,-46.9,-10.48,-37.22,-10.46,35.3,,,3.16,28.35,,,,32.53
LT Foods Ltd.,LTFOODS,Fast Moving Consumer Goods,Packaged Foods,14848.54,23.366121,8.33106,70.7,12.94,3.31,15.8,23.799999999999997,,,-5.23,35.56,,,,44.81
Latent View Analytics Ltd.,LATENTVIEW,Information Technology,Consulting Services,5754.58,29.839058,3.278592,-5.3,7.8,13.74,8.42,21.5,,,-34.92,-9.97,,,,48.03
Leela Palaces Hotels & Resorts Ltd.,THELEELA,Consumer Services,Lodging,18758.42,41.453876,2.91163,386.7,,742.9,,28.1,,,27.11,,,,,18.9
Lemon Tree Hotels Ltd.,LEMONTREE,Consumer Services,Lodging,8578.09,36.35235,6.1628175,20.8,25.55,15.52,25.61,9.2,,,-30.37,4.38,,,,54.16
MMTC Ltd.,MMTC,Services,Conglomerates,9807.0,22.013468,4.6257253,130.0,,347.17,-37.17,-50.0,,,-0.17,20.09,,,,43.23
Mahanagar Gas Ltd.,MGL,Oil Gas & Consumable Fuels,Utilities - Regulated Gas,11005.82,15.372515,1.7123097,-39.300000000000004,2.11,-19.14,2.11,13.900000000000002,,,-14.53,3.32,,,,32.35
Manappuram Finance Ltd.,MANAPPURAM,Financial Services,Credit Services,33581.27,21.31783,2.0921972,288.5,-12.51,-17.5,-12.46,80.10000000000001,,,35.42,41.48,,,,134.39
Mangalore Refinery & Petrochemicals Ltd.,MRPL,Oil Gas & Consumable Fuels,Oil & Gas Refining & Marketing,30987.7,9.7095,2.174651,,-10.17,3324.22,-10.17,120.39999999999999,,,44.34,30.88,,,,195.49
Meesho Ltd.,MEESHO,Consumer Services,Internet Retail,95102.2,,21.667545,,,,,48.3,,,,,,,,473.58
Minda Corporation Ltd.,MINDACORP,Automobile and Auto Components,Auto Parts,17130.74,35.45299,6.491879,215.79999999999998,8.22,41.07,8.19,33.2,,,41.13,35.88,,,,33.88
Motherson Sumi Wiring India Ltd.,MSUMI,Automobile and Auto Components,Auto Parts,25439.06,41.695652,11.766871,,8.63,3.19,8.68,36.4,,,-9.24,0.54,,,,39.51
NATCO Pharma Ltd.,NATCOPHARM,Healthcare,Drug Manufacturers - Specialty & Generic,15804.66,13.8134,1.7136576,-56.99999999999999,26.43,-24.76,25.63,-44.7,,,-0.21,3.81,,,,96.9
NBCC (India) Ltd.,NBCC,Construction,Engineering & Construction,23997.6,32.086643,7.9892135,16.3,39.34,33.06,39.24,-5.8999999999999995,,,-15.14,46.26,,,,117.56
NCC Ltd.,NCC,Construction,Engineering & Construction,9390.07,12.568068,1.1933105,12.7,3.27,-17.63,3.49,12.2,,,-31.23,0.86,,,,47.85
NMDC Steel Ltd.,NSLNISP,Metals & Mining,Steel,11660.88,142.10715,0.88341737,,,,,36.7,,0.447,-0.67,-5.43,,,,27.13
Narayana Hrudayalaya Ltd.,NH,Healthcare,Medical Care Facilities,36878.87,44.43955,8.128022,5.4,9.94,1.95,9.94,80.4,,,-1.05,21.47,,,,76.47
Nava Ltd.,NAVA,Power,Conglomerates,15839.58,20.78654,1.8087827,-44.6,-4.55,-27.93,-5.35,12.2,,10.309,-5.03,43.5,,,,38.67
Navin Fluorine International Ltd.,NAVINFLUOR,Chemicals,Chemicals,42099.36,53.15435,10.581536,100.89999999999999,20.03,129.94,20.93,44.1,,,63.51,21.76,,,,139.06
Netweb Technologies India Ltd.,NETWEB,Information Technology,Computer Hardware,31892.48,121.57587,43.97839,178.4,63.05,80.94,63.66,172.10000000000002,,,173.91,84.77,,,,762.0
Neuland Laboratories Ltd.,NEULANDLAB,Healthcare,Drug Manufacturers - Specialty & Generic,29894.92,59.91977,15.948447,962.8,30.56,39.94,30.56,119.19999999999999,,,70.48,87.41,,,,96.62
Newgen Software Technologies Ltd.,NEWGEN,Information Technology,Software - Infrastructure,7388.45,23.545044,4.151345,27.800000000000004,50.13,-4.65,19.3,11.200000000000001,,,-39.82,9.34,,,,143.22
Niva Bupa Health Insurance Company Ltd.,NIVABUPA,Financial Services,Insurance - Life,15278.37,77.943405,3.9574652,,117.85,-38.75,118.44,80.0,,12.1350005,-1.88,,,,,16.17
Nuvama Wealth Management Ltd.,NUVAMA,Financial Services,Asset Management,32015.21,29.943329,7.6997466,15.6,47.69,5.56,50.54,22.5,,,29.62,,,,,81.7
Nuvoco Vistas Corporation Ltd.,NUVOCO,Construction Materials,Building Materials,11502.21,29.764324,1.1245077,19.8,183.85,1545.38,182.9,8.9,,,-30.16,-3.65,,,,26.04
Ola Electric Mobility Ltd.,OLAELEC,Automobile and Auto Components,Auto Manufacturers,16671.68,,4.966434,,,,,-45.0,,,-29.09,,,,,457.23
Olectra Greentech Ltd.,OLECTRA,Automobile and Auto Components,Farm & Heavy Construction Machinery,10821.52,59.87284,8.820794,-0.3,57.74,27.8,39.34,65.7,,,-13.74,5.31,,,,94.6
Onesource Specialty Pharma Ltd.,ONESOURCE,Healthcare,Biotechnology,17602.29,,3.0252266,,,,,37.2,,,-15.37,,,,,47.47
PCBL Chemical Ltd.,PCBL,Chemicals,Specialty Chemicals,12494.4,48.555046,3.1277702,58.9,-24.02,-54.47,-23.49,17.0,,,-16.0,29.56,,,,62.25
PG Electroplast Ltd.,PGEL,Consumer Durables,Electronic Components,17205.56,83.29404,5.628925,13.700000000000001,26.95,-31.7,36.38,35.3,,,11.97,57.94,,,,174.93
PNB Housing Finance Ltd.,PNBHOUSING,Financial Services,Mortgage Finance,30496.84,13.262693,1.5865506,4.3,18.2,18.34,29.86,5.800000000000001,,,45.89,24.8,,,,116.32
PTC Industries Ltd.,PTCIL,Capital Goods,Metal Fabrication,30928.13,244.47737,20.521671,465.7,51.33,66.44,57.85,97.39999999999999,,,53.92,66.67,,,,35.39
PVR INOX Ltd.,PVRINOX,Media Entertainment & Publication,Entertainment,11948.97,42.920635,1.6212825,,,,,10.4,,,11.95,-8.9,,,,37.82
Paradeep Phosphates Ltd.,PARADEEP,Chemicals,Agricultural Inputs,15419.95,14.415533,2.2708223,20.8,34.97,50.48,48.5,63.1,,,-30.55,33.85,,,,101.29
Pfizer Ltd.,PFIZER,Healthcare,Drug Manufacturers - General,22774.14,30.580505,5.4186735,6.6000000000000005,5.01,-5.88,5.01,8.3,,,-11.22,9.64,,,,14.75
Physicswallah Ltd.,PWL,Consumer Services,Education & Training Services,35051.58,1726.1428,7.6991205,,,,,23.9,,,,,,,,218.96
Pine Labs Ltd.,PINELABS,Financial Services,Software - Infrastructure,18105.19,142.64546,3.0383008,264.40000000000003,,,,19.6,,,,,,,,183.6
Piramal Finance Ltd.,PIRAMALFIN,Financial Services,Credit Services,49287.15,28.48857,1.7514328,50575.0,,209.88,,30.4,,,,,,,,72.84
Piramal Pharma Ltd.,PPLPHARMA,Healthcare,Drug Manufacturers - Specialty & Generic,28311.67,,3.474083,,,,,17.4,,,11.41,26.48,,,,85.26
Poly Medicure Ltd.,POLYMED,Healthcare,Medical Instruments & Supplies,17428.09,56.820885,5.6109233,-7.5,19.36,-2.15,22.71,30.3,,,-12.43,10.75,,,,32.93
Poonawalla Fincorp Ltd.,POONAWALLA,Financial Services,Credit Services,42912.8,51.367924,3.8263032,337.0,-8.35,,-7.47,100.29999999999998,,,5.89,5.57,,,,93.26
Prime Focus Ltd.,PFOCUS,Media Entertainment & Publication,Entertainment,23125.69,187.94304,11.046426,,-14.98,,14.09,23.799999999999997,,,86.6,39.92,,,,79.7
R R Kabel Ltd.,RRKABEL,Capital Goods,Electrical Equipment & Parts,33018.89,53.762432,12.825887,128.5,37.25,57.96,37.36,53.900000000000006,,,141.17,,,,,76.69
RBL Bank Ltd.,RBLBANK,Financial Services,Banks - Regional,60841.75,32.35779,1.4485533,367.9,-2.64,22.59,-1.49,40.8,,,53.92,21.86,,,,232.48
RHI MAGNESITA INDIA LTD.,RHIM,Capital Goods,Metal Fabrication,7748.97,,2.1763842,121.6,,,,5.6000000000000005,,,-25.52,-17.52,,,,35.23
RITES Ltd.,RITES,Construction,Engineering & Construction,10481.01,25.18245,3.9152603,8.4,-8.86,6.62,-8.86,8.7,,,-12.49,1.57,,,,41.62
Railtel Corporation Of India Ltd.,RAILTEL,Telecommunication,Telecom Services,9218.96,26.042612,4.0762606,25.2,22.49,15.51,22.53,27.6,,16.253999999999998,-19.22,19.43,,,,60.48
Rainbow Childrens Medicare Ltd.,RAINBOW,Healthcare,Medical Care Facilities,14539.83,51.094475,8.8271885,13.3,9.47,14.34,9.7,33.2,,,-8.38,10.24,,,,20.27
Ramkrishna Forgings Ltd.,RKFORGE,Automobile and Auto Components,Metal Fabrication,13426.84,126.858864,4.055117,289.2,-36.5,-82.7,-33.85,19.8,,,28.46,10.0,,,,42.48
Redington Ltd.,REDINGTON,Services,Information Technology Services,27405.1,16.109835,2.6971607,76.7,2.29,-7.14,2.28,34.599999999999994,,,45.36,32.59,,,,175.12
Reliance Power Ltd.,RPOWER,Power,Utilities - Independent Power Producers,9698.38,,0.60466194,47.199999999999996,,,,3.8,,,-50.85,9.12,,,,129.51
SBFC Finance Ltd.,SBFC,Financial Services,Credit Services,10402.72,21.543577,2.7880678,28.599999999999998,42.82,30.61,44.39,24.6,,,-16.04,,,,,19.11
Sagility Ltd.,SAGILITY,Information Technology,Health Information Services,20293.56,20.162788,2.065466,43.8,86.18,71.53,86.03,27.6,,,-3.05,,,,,137.52
Sai Life Sciences Ltd.,SAILIFE,Healthcare,Diagnostics & Research,30942.59,85.37786,12.406572,20.8,224.54,105.08,226.8,11.700000000000001,,,59.95,,,,,72.49
Sammaan Capital Ltd.,SAMMAANCAP,Financial Services,Mortgage Finance,17290.04,,0.6479218,-50.0,,,,-24.5,,,23.93,1.49,,,,275.37
Sapphire Foods India Ltd.,SAPPHIRE,Consumer Services,Restaurants,7797.48,,5.600776,,,,,14.7,,,-25.61,-3.22,,,,28.16
Sarda Energy and Minerals Ltd.,SARDAEN,Metals & Mining,Steel,17992.59,15.936329,2.4432375,5.4,22.69,58.02,22.46,-1.5,,,-14.29,39.05,,,,38.41
Saregama India Ltd,SAREGAMA,Media Entertainment & Publication,Entertainment,9723.71,45.268097,5.8448524,41.6,3.67,1.38,3.76,27.500000000000004,,,6.07,9.33,,,,54.38
Schneider Electric Infrastructure Ltd.,SCHNEIDER,Capital Goods,Electrical Equipment & Parts,29106.13,158.09091,37.53739,-69.8,19.8,-20.65,19.79,4.8,,,45.04,62.04,,,,33.63
Shipping Corporation of India Ltd.,SCI,Services,Marine Shipping,13533.79,8.375612,1.4871782,75.0,15.85,60.38,15.84,40.300000000000004,,,43.46,44.59,,,,179.23
Shyam Metalics and Energy Ltd.,SHYAMMETL,Capital Goods,Steel,27412.38,24.336546,2.435165,20.7,5.05,17.85,7.87,23.5,,,4.45,35.63,,,,32.4
Signatureglobal (India) Ltd.,SIGNATURE,Realty,Real Estate - Development,11188.76,10.722664,6.0422115,,,982.9,,-36.199999999999996,,,-28.03,,,,,38.51
Sobha Ltd.,SOBHA,Realty,Real Estate - Development,13846.24,60.608612,2.9335654,274.0,19.13,104.26,22.89,50.0,,,-13.19,29.64,,,,25.18
Sona BLW Precision Forgings Ltd.,SONACOMS,Automobile and Auto Components,Auto Parts,51009.3,73.52518,8.4979,44.3,15.12,6.48,17.43,52.400000000000006,,,82.67,13.87,,,,136.5
Sonata Software Ltd.,SONATSOFTW,Information Technology,Information Technology Services,8414.55,18.313253,4.4179626,-0.8,0.91,9.35,0.91,10.6,,,-16.28,-14.91,,,,55.26
Star Health and Allied Insurance Company Ltd.,STARHEALTH,Financial Services,Insurance - Life,34039.14,51.01411,3.3565028,109.60000000000001,-3.1,-13.76,-3.44,1407.8,,7.507,32.59,-3.34,,,,34.35
Sumitomo Chemical India Ltd.,SUMICHEM,Chemicals,Agricultural Inputs,26686.83,47.609085,7.873037,20.4,2.65,7.41,2.63,0.6,,,-9.19,9.83,,,,23.83
Sun TV Network Ltd.,SUNTV,Media Entertainment & Publication,Broadcasting,18602.76,12.159969,1.4682462,17.0,-5.49,-15.42,-5.51,13.0,,,-16.71,-0.77,,,,21.65
Supreme Petrochem Ltd.,SPLPETRO,Chemicals,Specialty Chemicals,13121.52,27.056997,5.5213556,193.5,-12.89,-15.69,-12.89,23.7,,,-14.39,17.13,,,,12.29
Swan Corp Ltd.,SWANCORP,Chemicals,Conglomerates,9524.39,43.221905,1.3506967,,,-63.71,,-16.400000000000002,,,-33.27,9.7,,,,49.26
Syngene International Ltd.,SYNGENE,Healthcare,Diagnostics & Research,16391.94,71.9523,3.3823347,,-11.9,-36.17,-11.98,-15.8,,,-38.81,-19.93,,,,61.31
Syrma SGS Technology Ltd.,SYRMA,Capital Goods,Electronic Components,27724.51,74.38243,9.619511,86.0,35.83,87.07,38.6,68.30000000000001,,,100.45,43.72,,,,147.44
TBO Tek Ltd.,TBOTEK,Consumer Services,Travel Services,18115.9,68.71203,11.699516,32.300000000000004,19.65,6.27,19.19,81.10000000000001,,,15.57,,,,,34.42
Tata Chemicals Ltd.,TATACHEM,Chemicals,Chemicals,15966.85,,0.7529406,,,,,14.399999999999999,,,-32.63,-14.38,,,,64.07
Tata Technologies Ltd.,TATATECH,Information Technology,Information Technology Services,33326.7,59.865063,8.49286,6.2,-4.33,-19.26,-4.32,33.800000000000004,,,20.95,,,,,83.66
Tata Teleservices (Maharashtra) Ltd.,TTML,Telecommunication,Telecom Services,7385.72,198.8421,-0.36959136,,,,,6.1,,,-35.85,-21.7,,,,20.55
Techno Electric & Engineering Company Ltd.,TECHNOE,Construction,Engineering & Construction,11484.0,26.651823,2.7616267,-31.5,33.55,12.04,36.36,19.8,,,-32.82,30.22,,,,28.76
Tega Industries Ltd.,TEGA,Capital Goods,Specialty Industrial Machinery,13096.26,467.34583,3.8744235,,19.67,-28.72,-8.14,384.0,,,-5.46,20.58,,,,33.5
Tejas Networks Ltd.,TEJASNET,Telecommunication,Communication Equipment,9072.87,,3.0956063,,,,,99.1,,,-12.08,-13.97,,,,281.53
Tenneco Clean Air India Ltd.,TENNIND,Automobile and Auto Components,Auto Parts,23253.66,38.15563,19.406832,-45.9,16.55,9.33,16.56,20.1,,,,,,,,112.2
The Ramco Cements Ltd.,RAMCOCEM,Construction Materials,Building Materials,21243.87,32.932236,2.6248026,-63.3,29.02,156.24,30.47,9.6,,,-17.03,0.91,,,,25.77
Timken India Ltd.,TIMKEN,Capital Goods,Tools & Accessories,23574.31,56.176735,8.088417,14.799999999999999,2.02,-10.24,2.02,16.6,,,6.71,-2.95,,,,19.53
Titagarh Rail Systems Ltd.,TITAGARH,Capital Goods,Railroads,11360.41,58.49861,4.668803,67.0,,39.62,-1.88,12.6,,,1.3,9.42,,,,89.22
Transformers And Rectifiers (India) Ltd.,TARIL,Capital Goods,Electrical Equipment & Parts,8964.45,34.686413,5.790035,-8.5,79.01,23.39,86.5,8.1,,,-39.86,89.24,,,,140.09
Travel Food Services Ltd.,TRAVELFOOD,Consumer Services,Restaurants,17213.14,36.25069,11.935828,38.1,315.3,21.44,21.84,20.599999999999998,,,7.23,,,,,12.57
Trident Ltd.,TRIDENT,Textiles,Textile Manufacturing,12428.13,31.675325,2.606326,14.799999999999999,-5.61,1.95,-5.06,4.7,,,-13.94,-7.17,,,,18.86
Triveni Turbine Ltd.,TRITURBINE,Capital Goods,Specialty Industrial Machinery,18274.39,54.43655,12.619921,-21.2,22.58,-2.09,22.0,19.2,,,8.89,13.58,,,,73.67
UCO Bank,UCOBANK,Financial Services,Banks - Regional,32251.74,11.482142,0.9539705,8.3,13.04,13.21,14.86,53.0,,8.541001,-10.66,-1.3,,,,22.84
UTI Asset Management Company Ltd.,UTIAMC,Financial Services,Asset Management,11479.16,24.903791,2.5479314,24.0,-3.02,-44.75,-2.6,6.7,,,-33.2,8.62,,,,16.62
Urban Company Ltd.,URBANCO,Consumer Services,Software - Application,23354.49,,11.410072,,,,,43.6,,,,,,,,138.28
Usha Martin Ltd.,USHAMART,Capital Goods,Steel,14650.79,27.58166,4.4420037,40.8,9.93,14.38,9.99,16.400000000000002,,,33.18,13.98,,,,32.31
Vardhman Textiles Ltd.,VTL,Textiles,Textile Manufacturing,17452.5,20.24513,1.6320533,49.2,-2.16,-15.63,-2.14,13.3,,,42.15,21.03,,,,30.85
Vijaya Diagnostic Centre Ltd.,VIJAYA,Healthcare,Diagnostics & Research,15494.98,82.97849,16.165741,37.3,26.67,20.3,26.9,22.8,,,42.95,50.83,,,,24.72
Welspun Corp Ltd.,WELCORP,Capital Goods,Steel,60965.71,22.8833,6.661058,198.3,97.92,-15.46,98.32,14.899999999999999,,,165.79,92.4,,,,103.77
Welspun Living Ltd.,WELSPUNLIV,Textiles,Textile Manufacturing,17939.19,65.024055,3.6907291,83.7,3.3,-68.01,0.93,23.7,,,56.64,18.7,,,,59.48
Whirlpool of India Ltd.,WHIRLPOOL,Consumer Durables,"Furnishings, Fixtures & Appliances",9753.83,38.852375,2.3439097,-29.4,10.28,-18.18,10.28,12.1,,,-40.57,-18.52,,,,46.88
Wockhardt Ltd.,WOCKPHARMA,Healthcare,Drug Manufacturers - Specialty & Generic,30650.9,72.466385,6.1960683,,,,,25.900000000000002,,,26.89,94.68,,,,196.64
ZF Commercial Vehicle Control Systems India Ltd.,ZFCVINDIA,Automobile and Auto Components,Auto Parts,30295.03,2.9163015,8.208753,46.1,17.63,12.25,17.63,32.7,,,9.44,6.16,,,,31.88
Zee Entertainment Enterprises Ltd.,ZEEL,Media Entertainment & Publication,Broadcasting,10333.27,51.228573,0.86958635,-47.3,77.98,-59.81,78.75,4.5,,,-6.6,-22.08,,,,180.18
Zen Technologies Ltd.,ZENTEC,Capital Goods,Aerospace & Defense,17325.55,95.21998,9.639163,-27.900000000000002,60.53,-30.97,65.4,-10.5,,,35.72,47.37,,,,95.06
Zensar Technolgies Ltd.,ZENSARTECH,Information Technology,Information Technology Services,10964.62,14.365716,2.3228722,0.8999999999999999,32.74,19.21,33.21,8.9,,,-39.03,2.13,,,,78.96
Zydus Wellness Ltd.,ZYDUSWELL,Fast Moving Consumer Goods,Packaged Foods,15615.33,84.76684,2.6802828,-7.000000000000001,-14.02,-43.15,-14.03,66.9,,,23.44,19.93,,,,49.54
eClerx Services Ltd.,ECLERX,Services,Information Technology Services,16709.03,23.365074,6.5575957,18.8,15.28,30.52,13.04,23.3,,,-8.91,28.36,,,,57.69
